end_time_d,realvalue,Moving_variance,is_anomaly
2018-03-26 14:13:00,1.0579166666666666,0.014406354591161775,False
2018-03-26 22:12:00,1.2492916666666667,0.013991742389760807,False
2018-03-26 22:13:00,1.0319600000000002,0.01417037505434156,False
2018-03-27 14:13:00,1.1951428571428573,0.013444113824775112,False
2018-03-27 14:14:00,1.2210434782608697,0.013490093353231676,False
2018-03-27 14:15:00,0.949076923076923,0.014070532369948383,False
2018-03-27 22:12:00,1.2126470588235294,0.013734548548114673,False
2018-03-27 22:13:00,1.1705416666666666,0.01351132481626945,False
2018-03-27 22:14:00,0.960875,0.013913513026260095,False
2018-03-28 06:12:00,1.15975,0.013867091587920963,False
2018-03-28 06:13:00,1.2668260869565218,0.01407145026704489,False
2018-03-28 06:14:00,0.9993684210526318,0.013728370941964108,False
2018-03-28 07:13:00,1.2716666666666667,0.01380438769633012,False
2018-03-28 07:14:00,1.0489599999999997,0.013815584428091943,False
2018-03-28 14:13:00,1.239181818181818,0.013577709020367939,False
2018-03-28 14:14:00,1.0900434782608692,0.013441965045118943,False
2018-03-28 14:15:00,0.9742,0.013872502060947117,False
2018-03-28 14:34:00,1.26452,0.013890471319878842,False
2018-03-28 14:35:00,1.0631304347826087,0.013873173712290611,False
2018-03-28 22:12:00,1.3049583333333332,0.014032985714647414,False
2018-03-28 22:13:00,1.0694799999999995,0.014127381675582406,False
2018-03-29 06:13:00,1.2773333333333332,0.014369947844066353,False
2018-03-29 06:14:00,1.05616,0.013805143728114243,False
2018-03-29 06:26:00,1.22405,0.013556056450032683,False
2018-03-29 06:27:00,1.1309130434782608,0.013407318311126496,False
2018-03-29 06:28:00,0.9278571428571429,0.014128589356257422,False
2018-03-29 14:12:00,1.2237058823529412,0.014000173150655286,False
2018-03-29 14:13:00,1.1361739130434785,0.013798466850855631,False
2018-03-29 14:14:00,0.9528571428571428,0.014282960987898755,False
2018-03-29 22:12:00,1.256375,0.014213235665830598,False
2018-03-29 22:13:00,1.0546399999999998,0.014238039997054436,False
2018-04-02 22:42:00,1.2463125,0.014178343106809748,False
2018-04-02 22:43:00,1.1949999999999998,0.01405205274896708,False
2018-04-02 22:44:00,0.9655833333333332,0.014500126435791648,False
2018-04-03 06:12:00,1.2796399999999999,0.014587247765461811,False
2018-04-03 06:13:00,1.0706666666666669,0.014543736236922252,False
2018-04-03 06:14:00,0.983,0.014798847751557166,False
2018-04-03 14:12:00,1.0425,0.014800696939809429,False
2018-04-03 14:13:00,1.2860000000000005,0.014940351503462733,False
2018-04-03 14:14:00,1.0366521739130437,0.014995171323697317,False
2018-04-03 22:12:00,1.169,0.014733155097232591,False
2018-04-03 22:13:00,1.3396818181818182,0.015194938699902776,False
2018-04-03 22:14:00,1.0378636363636364,0.015194794609274413,False
2018-04-04 06:12:00,1.3187083333333334,0.015503212496489333,False
2018-04-04 06:13:00,1.1005217391304345,0.01533306064531638,False
2018-04-04 06:14:00,1.0145,0.015075021643899771,False
2018-04-04 06:57:00,1.30208,0.014756306835686276,False
2018-04-04 06:58:00,1.0796400000000002,0.013947270226803593,False
2018-04-04 14:12:00,1.2129166666666669,0.013898451374069691,False
2018-04-04 14:13:00,1.2535652173913043,0.013789774789196083,False
2018-04-04 14:14:00,0.9810714285714284,0.014140165459621556,False
2018-04-04 14:42:00,1.2396,0.01398532944397741,False
2018-04-04 14:43:00,1.0480399999999999,0.014006014227410195,False
2018-04-04 14:48:00,1.2255416666666668,0.013829695981293503,False
2018-04-04 14:49:00,1.0498181818181818,0.013868026190078124,False
2018-04-04 14:50:00,0.9956666666666668,0.013845836917903144,False
2018-04-04 22:12:00,1.307173913043478,0.014227513414463088,False
2018-04-04 22:13:00,1.1017826086956524,0.014034063604266664,False
2018-04-04 22:14:00,1.0246666666666666,0.01412613281549162,False
2018-04-05 06:12:00,1.2925416666666667,0.014239316529932019,False
2018-04-05 06:13:00,1.0865652173913043,0.014175864867583998,False
2018-04-05 06:14:00,0.993,0.014302147679959874,False
2018-04-05 06:26:00,1.2852400000000004,0.014499136875044866,False
2018-04-05 06:27:00,1.061583333333333,0.01453667331183651,False
2018-04-05 06:28:00,1.016,0.014643091128611958,False
2018-04-05 07:01:00,1.2604000000000002,0.014326707974127946,False
2018-04-05 07:02:00,1.2643636363636364,0.014503354409571574,False
2018-04-05 07:03:00,0.9923846153846154,0.014836879250708986,False
2018-04-05 14:14:00,1.207833333333333,0.014393955077868201,False
2018-04-05 14:15:00,1.2399565217391302,0.014556717070140496,False
2018-04-05 14:16:00,0.9754,0.014725804558096217,False
2018-04-05 14:30:00,1.26056,0.014654857943999277,False
2018-04-05 14:31:00,1.0528000000000002,0.014477513424443537,False
2018-04-05 14:41:00,1.25496,0.014573441797808959,False
2018-04-05 14:42:00,1.058,0.01451103291281914,False
2018-04-05 14:43:00,0.967,0.014958880111026411,False
2018-04-05 22:12:00,1.2419130434782608,0.014695311177017487,False
2018-04-05 22:13:00,1.0700416666666668,0.014500366935585629,False
2018-04-05 22:14:00,0.991,0.014765472454804416,False
2018-04-06 06:12:00,1.2708749999999998,0.014588339222026942,False
2018-04-06 06:13:00,1.0757619047619051,0.014575189667406148,False
2018-04-06 06:14:00,0.976,0.014628777961290343,False
2018-04-06 14:12:00,1.18875,0.014592589110310963,False
2018-04-06 14:13:00,1.289681818181818,0.014870039032269718,False
2018-04-06 14:14:00,1.0251052631578943,0.015063055976849475,False
2018-04-06 14:32:00,1.251391304347826,0.014580344290476215,False
2018-04-06 14:33:00,1.063909090909091,0.014532649542305468,False
2018-04-06 14:34:00,0.966,0.015000863579698705,False
2018-04-06 14:56:00,1.2331428571428569,0.014619195888689696,False
2018-04-06 14:57:00,1.0759565217391305,0.014422490167843513,False
2018-04-06 14:58:00,1.0063333333333333,0.01458887788735949,False
2018-04-06 22:12:00,1.2510909090909093,0.014607824332650843,False
2018-04-06 22:13:00,1.0761304347826084,0.014588554966875151,False
2018-04-06 22:14:00,1.001,0.01441231682083208,False
2018-04-07 06:12:00,1.27208,0.014375019064757608,False
2018-04-07 06:13:00,1.06404,0.014389136843097018,False
2018-04-07 14:12:00,1.26496,0.01430774085508233,False
2018-04-07 14:13:00,1.0642,0.014247660148585485,False
2018-04-07 22:12:00,1.2779583333333333,0.014207632054697225,False
2018-04-07 22:13:00,1.05564,0.014150291724752724,False
2018-04-08 06:12:00,1.2920799999999997,0.014542998397570292,False
2018-04-08 06:13:00,1.05304,0.013947284292983114,False
2018-04-08 14:12:00,1.27996,0.014146136279689721,False
2018-04-08 14:13:00,1.0534400000000002,0.013682267199320022,False
2018-04-08 22:12:00,1.2800399999999998,0.014026134781273477,False
2018-04-08 22:13:00,1.05256,0.01389446432286692,False
2018-04-08 22:32:00,1.2564782608695653,0.013672244320370484,False
2018-04-08 22:33:00,1.04272,0.013764426908141444,False
2018-04-08 22:52:00,1.2275714285714283,0.013806947280814361,False
2018-04-08 22:53:00,1.2421904761904758,0.013763299170624108,False
2018-04-08 22:54:00,0.9764166666666668,0.013787882679893261,False
2018-04-08 23:04:00,1.2864799999999998,0.013991522610477578,False
2018-04-08 23:05:00,1.0504166666666668,0.013984587705707718,False
2018-04-09 06:12:00,1.02836,0.014029588814740099,False
2018-04-09 06:13:00,1.04016,0.014058062645102606,False
2018-04-09 14:12:00,1.2436666666666665,0.013938020394551541,False
2018-04-09 14:13:00,1.1418636363636363,0.013434335068510455,False
2018-04-09 14:14:00,0.9893333333333332,0.013765059186543898,False
2018-04-09 22:12:00,1.29465,0.014003241644639215,False
2018-04-09 22:13:00,1.1423636363636365,0.013581617149898749,False
2018-04-09 22:14:00,0.9918333333333332,0.013881519907549293,False
2018-04-10 06:22:00,1.272625,0.013869019007132827,False
2018-04-10 06:23:00,1.08,0.013535981975854754,False
2018-04-10 14:14:00,1.1871666666666665,0.013494635707257435,False
2018-04-10 14:15:00,1.2927083333333338,0.01365329127239717,False
2018-04-10 14:16:00,1.0018421052631576,0.013709998947651255,False
2018-04-10 22:13:00,1.2135714285714287,0.013531013455868629,False
2018-04-10 22:14:00,1.2285652173913044,0.013322188584446155,False
2018-04-10 22:15:00,0.9773333333333332,0.013666157638860553,False
2018-04-11 06:12:00,1.1872,0.01352428135143212,False
2018-04-11 06:13:00,1.2680454545454545,0.013380227575228472,False
2018-04-11 06:14:00,1.0002941176470588,0.01343392861035059,False
2018-04-11 07:05:00,1.2503636363636366,0.01353833932125194,False
2018-04-11 07:06:00,1.083125,0.013347067877914018,False
2018-04-11 07:07:00,0.9563333333333331,0.013783923946925052,False
2018-04-11 14:14:00,1.2579999999999998,0.013556999974716958,False
2018-04-11 14:15:00,1.0522083333333334,0.013488113109195947,False
2018-04-11 14:16:00,0.963,0.01391393838568981,False
2018-04-11 22:12:00,1.2528,0.013796215232945755,False
2018-04-11 22:13:00,1.1682608695652172,0.013507239329766389,False
2018-04-11 22:14:00,0.9748571428571428,0.013881737086124717,False
2018-04-12 06:13:00,1.2789583333333332,0.013789305164462902,False
2018-04-12 06:14:00,1.06752,0.013829820454880995,False
2018-04-12 07:14:00,1.2787600000000001,0.013775274962410503,False
2018-04-12 07:15:00,1.06852,0.013642306908054933,False
2018-04-12 14:13:00,1.25104,0.01364095297721077,False
2018-04-12 14:14:00,1.0482,0.013684264242111605,False
2018-04-12 22:13:00,1.2859999999999998,0.013533221566408044,False
2018-04-12 22:14:00,1.0646799999999998,0.013489110724341204,False
2018-04-13 06:13:00,1.12125,0.013425304674813001,False
2018-04-13 06:14:00,1.2836,0.013445211676707461,False
2018-04-13 06:15:00,1.0238095238095235,0.013490012870786078,False
2018-04-13 14:14:00,1.26892,0.01368311259393691,False
2018-04-13 14:15:00,1.0636,0.013443734428536686,False
2018-04-13 22:12:00,1.1556666666666668,0.013170594127148168,False
2018-04-13 22:13:00,1.2832173913043476,0.013379479605578283,False
2018-04-13 22:14:00,1.0257,0.013379614013692115,False
2018-04-14 06:12:00,1.218470588235294,0.013362340765380482,False
2018-04-14 06:13:00,1.1718695652173914,0.013075095150879469,False
2018-04-14 06:14:00,0.9506666666666668,0.013573727942436439,False
2018-04-14 14:12:00,1.2408333333333332,0.013357488708711656,False
2018-04-14 14:13:00,1.0626,0.01333032801337052,False
2018-04-14 22:12:00,1.2664,0.013269845097741704,False
2018-04-14 22:13:00,1.0639999999999998,0.013240186376329496,False
2018-04-15 06:12:00,1.26332,0.01316641552726606,False
2018-04-15 06:13:00,1.0566,0.01315452335097848,False
2018-04-15 14:12:00,1.2605833333333336,0.013170810954557082,False
2018-04-15 14:13:00,1.038875,0.013183934653637146,False
2018-04-15 22:12:00,1.2632499999999995,0.013309304262511546,False
2018-04-15 22:13:00,1.04225,0.013296851502661135,False
2018-04-16 06:12:00,1.256625,0.013063841891571002,False
2018-04-16 06:13:00,1.2128260869565215,0.012796990147733561,False
2018-04-16 06:14:00,0.9712,0.013147935663301937,False
2018-04-16 14:15:00,1.2729583333333334,0.0132124583220783,False
2018-04-16 14:16:00,1.06016,0.013148104193259604,False
2018-04-16 22:12:00,1.2358125000000002,0.01312292931856039,False
2018-04-16 22:13:00,1.2226666666666668,0.013222833881278448,False
2018-04-16 22:14:00,1.0083,0.013127803673972711,False
2018-04-17 06:12:00,1.23875,0.012899684488396077,False
2018-04-17 06:13:00,1.1979999999999995,0.012944700749656472,False
2018-04-17 06:14:00,0.9797,0.013010882431925637,False
2018-04-17 14:13:00,1.2293076923076922,0.012857064863578275,False
2018-04-17 14:14:00,1.24025,0.012927342487192796,False
2018-04-17 14:15:00,0.9873846153846152,0.013330852811948141,False
2018-04-17 22:14:00,1.2280769230769228,0.013077283567718777,False
2018-04-17 22:15:00,1.260869565217391,0.012946285653217506,False
2018-04-17 22:16:00,1.0082857142857142,0.01319537127931341,False
2018-04-18 06:12:00,1.2605333333333333,0.013302947647301992,False
2018-04-18 06:13:00,1.2941363636363634,0.0131692462693572,False
2018-04-18 06:14:00,0.9974166666666666,0.01353552804018823,False
2018-04-18 14:13:00,1.05,0.013438124719498824,False
2018-04-18 14:14:00,1.2880909090909092,0.013416335105823797,False
2018-04-18 14:15:00,1.0532083333333333,0.01338556131779283,False
2018-04-18 22:12:00,1.2373846153846155,0.013455793443349521,False
2018-04-18 22:13:00,1.2659565217391304,0.013040744549090062,False
2018-04-18 22:14:00,0.9960714285714288,0.013254294683294707,False
2018-04-19 06:12:00,1.2409999999999999,0.013229506033477612,False
2018-04-19 06:13:00,1.2475000000000005,0.012755291197375458,False
2018-04-19 06:14:00,0.9824166666666668,0.013093783331122674,False
2018-04-19 06:43:00,1.291782608695652,0.01341496617124707,False
2018-04-19 06:44:00,1.1167272727272726,0.012887234080415769,False
2018-04-19 06:45:00,1.0235,0.012916255164918995,False
2018-04-19 14:12:00,1.0790000000000002,0.012885400298316082,False
2018-04-19 14:13:00,1.2932083333333333,0.012950648367167819,False
2018-04-19 14:14:00,1.0515,0.013004149998855356,False
2018-04-19 22:12:00,1.2480714285714287,0.012994390914332493,False
2018-04-19 22:13:00,1.2591818181818182,0.01298997149950193,False
2018-04-19 22:14:00,0.9936923076923078,0.013126563149978088,False
2018-04-20 06:12:00,1.2335714285714283,0.013106657183447314,False
2018-04-20 06:13:00,1.2596521739130433,0.01327221268538709,False
2018-04-20 06:14:00,0.9882307692307694,0.013451837174960042,False
2018-04-20 14:14:00,1.2164666666666668,0.013237227893307753,False
2018-04-20 14:15:00,1.2227391304347823,0.013093817532399049,False
2018-04-20 14:16:00,0.9860833333333332,0.013431074421775418,False
2018-04-20 22:14:00,1.2942916666666668,0.013766033128046458,False
2018-04-20 22:19:00,1.3778333333333332,0.014326939472517746,False
2018-04-20 22:20:00,1.3465833333333332,0.014621031701520978,False
2018-04-22 22:20:00,1.367304347826087,0.015276245771377348,False
2018-04-22 22:21:00,1.0727200000000001,0.015414511467222839,False
2018-04-22 22:49:00,1.2882727272727277,0.014888641879174073,False
2018-04-22 22:50:00,1.1142173913043478,0.01484423205799912,False
2018-04-22 22:51:00,0.9754,0.015276970499159779,False
2018-04-23 06:12:00,1.2499166666666668,0.015224656447107038,False
2018-04-23 06:13:00,1.287739130434783,0.01529754121844653,False
2018-04-23 06:14:00,0.9904666666666666,0.015657865699263643,False
2018-04-23 06:47:00,1.2409333333333337,0.015555725717118482,False
2018-04-23 06:48:00,1.2137727272727274,0.01544319103707068,False
2018-04-23 06:49:00,0.9729166666666668,0.015799641510538663,False
2018-04-23 14:14:00,1.27028,0.01582393362312036,False
2018-04-23 14:15:00,1.0610000000000002,0.015751846036279462,False
2018-04-23 15:10:00,1.2762916666666668,0.01581924296371153,False
2018-04-23 15:11:00,1.07375,0.015918622587704632,False
2018-04-23 22:12:00,1.2136363636363638,0.015320248407492966,False
2018-04-23 22:13:00,1.2590434782608702,0.015273613661942569,False
2018-04-23 22:14:00,1.0204375,0.01544379807114295,False
2018-04-24 06:12:00,1.23525,0.015442478953516695,False
2018-04-24 06:13:00,1.2747826086956522,0.01558724496853075,False
2018-04-24 06:14:00,1.0134,0.015560205067534577,False
2018-04-24 14:13:00,1.2905416666666667,0.015730352921763835,False
2018-04-24 14:14:00,1.08248,0.015835927621877702,False
2018-04-24 22:12:00,1.071,0.0153975376270807,False
2018-04-24 22:13:00,1.2975217391304348,0.015617411078770018,False
2018-04-24 22:14:00,1.0852800000000002,0.015642835521897453,False
2018-04-24 22:26:00,1.2287692307692308,0.015149854649351981,False
2018-04-24 22:27:00,1.2580434782608696,0.01522347489416432,False
2018-04-24 22:28:00,1.0016923076923077,0.01555201622911707,False
2018-04-24 23:11:00,1.2361999999999995,0.01519529025276304,False
2018-04-24 23:12:00,1.3077272727272726,0.015376742446072516,False
2018-04-24 23:13:00,0.99925,0.01559616622117372,False
2018-04-25 06:12:00,1.2016363636363636,0.015122916880813192,False
2018-04-25 06:13:00,1.2874090909090907,0.015099866841399592,False
2018-04-25 06:14:00,1.032125,0.01519796776835478,False
2018-04-25 14:13:00,1.2626,0.015104829121360335,False
2018-04-25 14:14:00,1.0470399999999995,0.015291769202016416,False
2018-04-25 22:13:00,1.27144,0.015310181440266956,False
2018-04-25 22:14:00,1.07036,0.01496494555330924,False
2018-04-25 22:54:00,1.1,0.014961375122300493,False
2018-04-25 22:55:00,1.280608695652174,0.015068221313111505,False
2018-04-25 22:56:00,1.061173913043478,0.01467312470199324,False
2018-04-26 06:12:00,1.2125999999999997,0.01445192679051024,False
2018-04-26 06:13:00,1.2730869565217393,0.014581686247442568,False
2018-04-26 06:14:00,1.0321875,0.014539292025572739,False
2018-04-26 14:13:00,1.2838181818181822,0.01459364708553366,False
2018-04-26 14:14:00,1.1117916666666667,0.014416998506145667,False
2018-04-26 14:15:00,0.9985,0.0146807801567619,False
2018-04-26 22:14:00,1.2914,0.014824710984330372,False
2018-04-26 22:15:00,1.04248,0.014967701721297369,False
2018-04-27 06:12:00,1.18725,0.014445210982554729,False
2018-04-27 06:13:00,1.276826086956522,0.014567088972764524,False
2018-04-27 06:14:00,1.031470588235294,0.014760266881150199,False
2018-04-27 14:14:00,1.2522000000000002,0.014307323899781569,False
2018-04-27 14:15:00,1.0480799999999997,0.014531976937230622,False
2018-04-27 22:13:00,1.27324,0.014664376854979275,False
2018-04-27 22:14:00,1.0540869565217392,0.014315020888908086,False
2018-04-27 22:15:00,0.992,0.014586957087335787,False
2018-04-28 07:05:00,1.25688,0.013967019180511329,False
2018-04-28 07:06:00,1.04672,0.013621393591484862,False
2018-04-28 07:24:00,1.04,0.01310848093216857,False
2018-04-28 07:25:00,1.2647391304347826,0.013189413277390621,False
2018-04-28 07:26:00,1.0592400000000002,0.013051458528795041,False
2018-04-28 14:12:00,1.1742500000000002,0.013030405581649758,False
2018-04-28 14:13:00,1.3046470588235295,0.012831746016873454,False
2018-04-28 14:24:00,1.3444399999999999,0.013266950061996892,False
2018-04-29 22:12:00,1.3464999999999998,0.013574673115327649,False
2018-04-29 22:13:00,1.3136521739130431,0.013423977112158715,False
2018-04-29 22:14:00,1.0304500000000003,0.013645607468759828,False
2018-04-30 06:12:00,1.169,0.013604993998534964,False
2018-04-30 06:13:00,1.3134444444444446,0.01332898297948474,False
2018-04-30 06:18:00,1.332,0.01360242660076635,False
2018-04-30 06:19:00,1.3727727272727273,0.014060366896351227,False
2018-04-30 06:46:00,1.3862500000000002,0.014635133827047881,False
2018-04-30 06:47:00,1.2828333333333335,0.014624946171067818,False
2018-04-30 06:48:00,1.0102142857142855,0.015092823270686378,False
2018-04-30 14:13:00,1.2604736842105264,0.015096782546448723,False
2018-04-30 14:14:00,1.1568260869565214,0.01467786305003495,False
2018-04-30 14:15:00,0.9415714285714286,0.015569053088542001,False
2018-04-30 22:12:00,1.159166666666667,0.015402665249873994,False
2018-04-30 22:13:00,1.3084210526315792,0.015251610026789866,False
2018-04-30 22:20:00,1.3679285714285714,0.0156454090279829,False
2018-04-30 22:21:00,1.3632999999999995,0.016033669542629334,False
2018-05-01 22:12:00,1.3945,0.016533839714834412,False
2018-05-01 22:13:00,1.3279090909090907,0.016660155224462365,False
2018-05-01 22:14:00,1.01755,0.016977825685713432,False
2018-05-02 06:13:00,1.2227647058823532,0.01697037516492565,False
2018-05-02 06:14:00,1.1911304347826088,0.016888646537292922,False
2018-05-02 06:15:00,0.9648888888888888,0.017143650935670572,False
2018-05-02 14:15:00,1.219428571428571,0.017120586044450246,False
2018-05-02 14:16:00,1.208772727272727,0.016879170683973245,False
2018-05-02 14:17:00,0.9568333333333336,0.017176892973270255,False
2018-05-02 22:12:00,1.04,0.017519799524065387,False
2018-05-02 22:13:00,1.3004347826086955,0.017569146513169806,False
2018-05-02 22:14:00,1.0768,0.017375027675826042,False
2018-05-02 22:32:00,1.2622727272727272,0.0173741465593275,False
2018-05-02 22:33:00,1.0855217391304346,0.0172214580810996,False
2018-05-02 22:34:00,1.0070000000000001,0.01759999694783092,False
2018-05-02 23:10:00,1.1446,0.017417835971489628,False
2018-05-02 23:11:00,1.3161304347826086,0.017606726600435663,False
2018-05-02 23:12:00,1.0516363636363637,0.017731331620591814,False
2018-05-03 06:12:00,1.1468,0.01750784840700844,False
2018-05-03 06:13:00,1.3039545454545454,0.01774264748347158,False
2018-05-03 06:14:00,1.0425454545454544,0.017926145994714877,False
2018-05-03 14:13:00,1.119,0.01761860870760613,False
2018-05-03 14:14:00,1.2781200000000001,0.01759925531073917,False
2018-05-03 14:15:00,1.0140476190476189,0.017986895455313553,False
2018-05-03 22:12:00,1.1133333333333333,0.01750366690378332,False
2018-05-03 22:13:00,1.2999047619047623,0.017536696907403743,False
2018-05-03 22:26:00,1.3685238095238093,0.01777576965266362,False
2018-05-03 22:27:00,1.1205652173913043,0.017848387447699093,False
2018-05-03 22:28:00,0.98925,0.01833621432636077,False
2018-05-04 06:12:00,1.1197499999999998,0.018019578580672543,False
2018-05-04 06:13:00,1.2971739130434785,0.018160075923644787,False
2018-05-04 06:14:00,1.0530454545454546,0.018137793126153528,False
2018-05-04 14:12:00,1.1355,0.01803259443536144,False
2018-05-04 14:13:00,1.2916363636363641,0.017953603136444087,False
2018-05-04 14:14:00,1.0574090909090907,0.017597752673640398,False
2018-05-04 22:12:00,1.104,0.017618621571658392,False
2018-05-04 22:13:00,1.3065,0.017541588141200062,False
2018-05-04 22:17:00,1.3769999999999998,0.017749147010927096,False
2018-05-05 06:12:00,1.365,0.018160029052666078,False
2018-05-05 06:13:00,1.374,0.018364748445006743,False
2018-05-05 06:29:00,1.3470769230769228,0.018711380604179432,False
2018-05-05 06:30:00,1.3209166666666663,0.018771886771670358,False
2018-05-05 06:52:00,1.3330833333333334,0.01871966595077752,False
2018-05-05 06:58:00,1.324,0.018618668468677737,False
2018-05-05 06:59:00,1.3554166666666667,0.018804899603496787,False
2018-05-05 07:00:00,1.0724999999999998,0.018587928630022392,False
2018-05-05 14:12:00,1.116,0.01869769939240351,False
2018-05-05 14:13:00,1.3023043478260867,0.018658119921985305,False
2018-05-05 14:14:00,1.0658695652173913,0.018674529338709556,False
2018-05-05 22:12:00,1.2420714285714287,0.01818727810030478,False
2018-05-05 22:13:00,1.2377727272727277,0.017598950492339564,False
2018-05-05 22:14:00,0.9770769230769232,0.018235130122109203,False
2018-05-06 06:12:00,1.222,0.017700677743563726,False
2018-05-06 06:13:00,1.321,0.01790157511564019,False
2018-05-06 22:13:00,1.3401428571428569,0.01823484647313442,False
2018-05-06 22:14:00,1.234217391304348,0.01713444624900226,False
2018-05-06 22:15:00,0.9870769230769232,0.017873571301042977,False
2018-05-07 06:12:00,1.0775,0.017901010023533247,False
2018-05-07 06:13:00,1.3080434782608696,0.017608804049107217,False
2018-05-07 06:21:00,1.3574400000000002,0.017575655229562177,False
2018-05-07 06:22:00,1.0692500000000005,0.017122072530519613,False
2018-05-07 14:13:00,1.173818181818182,0.016787131908253383,False
2018-05-07 14:14:00,1.2553599999999998,0.016376136213384334,False
2018-05-07 14:15:00,0.9812857142857142,0.017075055487132368,False
2018-05-07 22:13:00,1.1726,0.017077176064372108,False
2018-05-07 22:14:00,1.2596086956521741,0.016324952107236248,False
2018-05-07 22:15:00,0.992,0.01696012678155956,False
2018-05-07 22:46:00,1.2479999999999998,0.01701577797455008,False
2018-05-07 22:47:00,1.0917272727272729,0.01626720428776537,False
2018-05-07 22:48:00,0.9635,0.016751417508141533,False
2018-05-08 06:12:00,1.0375,0.01690005793322948,False
2018-05-08 06:13:00,1.2776086956521742,0.016846131903597926,False
2018-05-08 06:14:00,1.0913199999999998,0.016895846351157758,False
2018-05-08 14:13:00,1.2940833333333333,0.01692493132410187,False
2018-05-08 14:14:00,1.071,0.016601763957350548,False
2018-05-08 22:13:00,1.2743478260869563,0.016689286077888447,False
2018-05-08 22:14:00,1.06712,0.016663586942170353,False
2018-05-09 06:13:00,1.2497200000000002,0.016411932785249293,False
2018-05-09 06:30:00,1.3597083333333335,0.01685704078958936,False
2018-05-09 06:31:00,1.0717199999999998,0.01688524655570444,False
2018-05-09 14:13:00,1.26368,0.016598784125668967,False
2018-05-09 14:14:00,1.07148,0.01675589724239413,False
2018-05-09 22:13:00,1.28788,0.016785852243731008,False
2018-05-09 22:14:00,1.0806800000000003,0.016456682466861078,False
2018-05-10 06:12:00,1.2084,0.016348476589896226,False
2018-05-10 06:13:00,1.2677391304347825,0.01625159382256759,False
2018-05-10 06:14:00,0.998125,0.016355668893028887,False
2018-05-10 14:12:00,1.2001,0.016277868043996092,False
2018-05-10 14:13:00,1.2656521739130435,0.015671614682434953,False
2018-05-10 14:14:00,0.9948235294117648,0.016248102299964724,False
2018-05-10 22:12:00,1.2050909090909092,0.016062304070052782,False
2018-05-10 22:13:00,1.2722857142857145,0.015839321366536367,False
2018-05-10 22:14:00,0.998,0.01642940760351875,False
2018-05-11 06:13:00,1.25884,0.016336791786299217,False
2018-05-11 06:14:00,1.0714583333333332,0.016276146090442135,False
2018-05-11 14:14:00,1.242375,0.01618300020418782,False
2018-05-11 14:15:00,1.0570000000000002,0.01627069833705537,False
2018-05-11 22:13:00,1.3166521739130437,0.0159489338867201,False
2018-05-11 22:14:00,1.0723200000000004,0.015630807138092156,False
2018-05-12 06:13:00,1.3017199999999998,0.0152527308454937,False
2018-05-12 06:14:00,1.07144,0.014985466291941373,False
2018-05-12 14:14:00,1.2644545454545455,0.014765745220080713,False
2018-05-12 14:15:00,1.124826086956522,0.014389656044132157,False
2018-05-12 14:16:00,0.997,0.014508490607577595,False
2018-05-12 22:12:00,1.199888888888889,0.0139261667006699,False
2018-05-12 22:13:00,1.3022173913043478,0.014078332780748241,False
2018-05-12 22:14:00,1.029235294117647,0.014361836770706828,False
2018-05-13 06:12:00,1.1715,0.014052756092392607,False
2018-05-13 06:13:00,1.2973043478260868,0.014159078340590252,False
2018-05-13 06:14:00,1.0235555555555556,0.014420769103272797,False
2018-05-13 14:12:00,1.1682500000000002,0.014332935945370532,False
2018-05-13 14:13:00,1.2829130434782607,0.013941920359322697,False
2018-05-13 14:14:00,0.9963333333333334,0.014394879574747511,False
2018-05-13 22:12:00,1.1814999999999998,0.013988609008069038,False
2018-05-13 22:13:00,1.2838695652173917,0.013705713626537823,False
2018-05-13 22:14:00,1.0008888888888887,0.014051658487233562,False
2018-05-14 06:13:00,1.2692,0.013730712213685672,False
2018-05-14 06:14:00,1.0859599999999998,0.013707084578717737,False
2018-05-14 14:13:00,1.2433571428571426,0.013461387554004455,False
2018-05-14 14:14:00,1.2106818181818182,0.012853599775962543,False
2018-05-14 14:15:00,0.962846153846154,0.01337202512672697,False
2018-05-14 22:29:00,1.2348125,0.013464890568981508,False
2018-05-14 22:30:00,1.228826086956522,0.01339077095854325,False
2018-05-14 22:31:00,0.9868181818181816,0.013357864773649718,False
2018-05-14 22:48:00,1.2716399999999999,0.013565128918148638,False
2018-05-14 22:49:00,1.0752,0.013516799225598446,False
2018-05-15 06:13:00,1.29536,0.013342143347598565,False
2018-05-15 06:14:00,1.0857599999999998,0.013314426545582733,False
2018-05-15 14:15:00,1.29544,0.013531244281554122,False
2018-05-15 14:16:00,1.0659583333333331,0.013010241448540195,False
2018-05-15 22:13:00,1.297583333333333,0.013008329912820644,False
2018-05-15 22:14:00,1.07156,0.012963798415724022,False
2018-05-16 06:13:00,1.31028,0.013204904061238074,False
2018-05-16 06:14:00,1.0895238095238096,0.013042870717416227,False
2018-05-16 14:13:00,1.2184166666666665,0.012926677170762915,False
2018-05-16 14:14:00,1.2482608695652175,0.012845026687984954,False
2018-05-16 14:15:00,0.9919285714285716,0.013198306575072318,False
2018-05-16 22:13:00,1.28692,0.013325050533110488,False
2018-05-16 22:14:00,1.0732,0.012832440170433253,False
2018-05-17 14:15:00,1.242,0.012786813560455875,False
2018-05-17 14:16:00,1.126541666666667,0.012647024909222097,False
2018-05-17 14:17:00,0.9581666666666668,0.013216012599946899,False
2018-05-17 15:03:00,1.2527916666666667,0.01308681748625369,False
2018-05-17 15:04:00,1.0496956521739127,0.013187625335579663,False
2018-05-17 15:05:00,0.983,0.013671507946232224,False
2018-05-17 15:10:00,1.25224,0.013617409540967015,False
2018-05-17 15:11:00,1.0596956521739131,0.0133492204888532,False
2018-05-17 15:12:00,0.9985,0.013738338050797,False
2018-05-17 22:13:00,1.29172,0.013847831340969894,False
2018-05-17 22:14:00,1.0626799999999998,0.013556146287272369,False
2018-05-18 06:13:00,1.2747083333333329,0.013752478622094387,False
2018-05-18 06:14:00,1.075,0.013632088301043965,False
2018-05-18 14:14:00,1.2764583333333333,0.013451909284692599,False
2018-05-18 14:15:00,1.06576,0.013417409476140079,False
2018-05-18 22:13:00,1.1543333333333332,0.01329600549595336,False
2018-05-18 22:14:00,1.3026956521739133,0.013531627176807543,False
2018-05-18 22:15:00,1.0323,0.013626199423481268,False
2018-05-18 22:31:00,1.2571739130434785,0.013364063868339451,False
2018-05-18 22:32:00,1.045260869565217,0.013453393481981062,False
2018-05-18 22:33:00,0.9995,0.013482325010719288,False
2018-05-19 06:13:00,1.3057199999999998,0.013765939858880614,False
2018-05-19 06:14:00,1.0716249999999998,0.013669025146828329,False
2018-05-19 14:13:00,1.2709599999999996,0.0138922825163095,False
2018-05-19 14:14:00,1.05175,0.013650782694015696,False
2018-05-19 22:12:00,1.11775,0.013638115225482172,False
2018-05-19 22:13:00,1.284,0.013551860480291117,False
2018-05-19 22:14:00,1.0530000000000002,0.013461343350319498,False
2018-05-20 06:12:00,1.107,0.013491713920201244,False
2018-05-20 06:13:00,1.2828636363636363,0.01342435587475775,False
2018-05-20 06:14:00,1.0459166666666666,0.01333505357979093,False
2018-05-20 14:12:00,1.0616666666666668,0.013468331140946645,False
2018-05-20 14:13:00,1.2853809523809523,0.013479471691537431,False
2018-05-20 14:14:00,1.0569600000000001,0.013222870412400398,False
2018-05-20 22:12:00,1.0883333333333332,0.013274402803781392,False
2018-05-20 22:13:00,1.3033478260869562,0.013368815614546717,False
2018-05-20 22:14:00,1.046833333333333,0.013170547848481212,False
2018-05-21 06:12:00,1.0759999999999998,0.013022129056655543,False
2018-05-21 06:13:00,1.281363636363636,0.013245390920404495,False
2018-05-21 06:14:00,1.0457916666666671,0.013281312033521899,False
2018-05-21 14:12:00,1.1076666666666666,0.013240311925255254,False
2018-05-21 14:13:00,1.293909090909091,0.013005133838380806,False
2018-05-21 14:14:00,1.0641666666666667,0.013011964554935283,False
2018-05-21 22:12:00,1.0933333333333333,0.012952437593282577,False
2018-05-21 22:13:00,1.285095238095238,0.012815744816708403,False
2018-05-21 22:14:00,1.0698,0.012675889884872284,False
2018-05-22 06:13:00,1.271,0.012827690523431872,False
2018-05-22 06:14:00,1.07668,0.012560963566790616,False
2018-05-22 14:13:00,1.09925,0.012535436127032095,False
2018-05-22 14:14:00,1.299583333333333,0.01255636855438039,False
2018-05-22 14:15:00,1.056,0.012585888380594145,False
2018-05-22 14:55:00,1.2391904761904757,0.012347310055570817,False
2018-05-22 14:56:00,1.0845,0.012316846815920495,False
2018-05-22 14:57:00,0.9805,0.012310679590707587,False
2018-05-22 22:40:00,1.0773333333333333,0.012334878716664647,False
2018-05-22 22:41:00,1.3313478260869565,0.012840405194241192,False
2018-05-22 22:42:00,1.05475,0.012779079559706497,False
2018-05-23 06:13:00,1.289125,0.012753955536674959,False
2018-05-23 06:14:00,1.0725833333333332,0.012492097535437898,False
2018-05-23 14:13:00,0.4624,0.020132998054939535,False
2018-05-23 14:14:00,1.1389583333333333,0.01992484387062069,False
2018-05-23 14:15:00,1.024,0.020112207555258395,False
2018-05-23 22:27:00,1.0583333333333331,0.0197016827481285,False
2018-05-23 22:28:00,1.2953043478260873,0.0199087781586062,False
2018-05-23 22:29:00,1.0434347826086954,0.019926622525737833,False
2018-05-24 06:13:00,1.2581600000000002,0.01981184599879558,False
2018-05-24 06:14:00,1.05788,0.019670184340930284,False
2018-05-24 14:13:00,1.2665454545454546,0.019876738990899628,False
2018-05-24 14:14:00,1.1289583333333333,0.01955504032228977,False
2018-05-24 14:15:00,1.016,0.019381224882091052,False
2018-05-24 22:13:00,1.2846000000000002,0.01967329642258008,False
2018-05-24 22:14:00,1.0745199999999997,0.019404444380892682,False
2018-05-25 06:13:00,1.2829565217391306,0.019714036855095457,False
2018-05-25 06:14:00,1.073333333333333,0.019440024411696167,False
2018-05-25 14:13:00,1.158,0.019370307375617166,False
2018-05-25 14:14:00,1.2767391304347828,0.019700474246547146,False
2018-05-25 14:15:00,1.0194210526315792,0.019446646214015775,False
2018-05-25 14:35:00,1.1875,0.01932218314247751,False
2018-05-25 14:36:00,1.2765,0.019408544523667262,False
2018-05-25 14:37:00,1.0276111111111108,0.019467530596858396,False
2018-05-25 22:13:00,1.28384,0.019510149026267125,False
2018-05-25 22:14:00,1.07008,0.01910879589520474,False
2018-05-26 06:13:00,1.2640000000000002,0.01930781487014736,False
2018-05-26 06:14:00,1.08625,0.019049549878316856,False
2018-05-26 14:13:00,1.26348,0.01919332737771454,False
2018-05-26 14:14:00,1.07075,0.019264553029834264,False
2018-05-26 22:13:00,1.2715199999999998,0.01920562196041082,False
2018-05-26 22:14:00,1.07852,0.019142636470139047,False
2018-05-27 06:13:00,1.2674166666666666,0.019398707140548893,False
2018-05-27 06:14:00,1.0591666666666668,0.01916041638793617,False
2018-05-27 22:17:00,1.2755,0.019324383103652736,False
2018-05-27 22:18:00,1.0596799999999995,0.019329828789826784,False
2018-05-28 06:13:00,1.2870799999999998,0.019338162565539538,False
2018-05-28 06:14:00,1.0714800000000002,0.01930004187926721,False
2018-05-28 14:13:00,1.1305999999999998,0.019253225301580017,False
2018-05-28 14:14:00,1.3057391304347827,0.019266359565319968,False
2018-05-28 14:15:00,1.0317142857142856,0.019319217063013552,False
2018-05-28 22:13:00,1.2789199999999998,0.019549559685032983,False
2018-05-28 22:29:00,1.36575,0.020056419170780222,False
2018-05-28 22:30:00,1.3724545454545456,0.020713400318435583,False
2018-05-28 22:31:00,1.062166666666667,0.020817077629386865,False
2018-05-29 00:48:00,1.25988,0.020672400624150024,False
2018-05-29 00:49:00,1.07464,0.020643333166159766,False
2018-05-29 06:13:00,1.2644400000000002,0.0207946988697336,False
2018-05-29 06:14:00,1.069875,0.020611852251277298,False
2018-05-29 14:14:00,1.2493125,0.020657072844736845,False
2018-05-29 14:15:00,1.234,0.020532668277748214,False
2018-05-29 14:16:00,0.9721,0.020985527122501037,False
2018-05-29 22:13:00,1.2176666666666671,0.021010455982977357,False
2018-05-29 22:14:00,1.252521739130435,0.0208138982678967,False
2018-05-29 22:15:00,1.008357142857143,0.021007497678798438,False
2018-05-30 06:13:00,1.2905999999999995,0.02120409184576328,False
2018-05-30 06:14:00,1.08364,0.02120608693218364,False
2018-05-30 06:40:00,1.2290909090909092,0.020786641820015196,False
2018-05-30 06:41:00,1.303956521739131,0.021033348292849783,False
2018-05-30 06:42:00,1.0373125,0.020770597476425054,False
2018-05-30 14:14:00,1.2473,0.020730794018139254,False
2018-05-30 14:15:00,1.1243913043478262,0.02045491710681579,False
2018-05-30 14:16:00,0.9966666666666666,0.020765595255802405,False
2018-05-30 22:13:00,1.2950833333333334,0.01277990037582346,False
2018-05-30 22:14:00,1.09475,0.01285688641126584,False
2018-05-31 06:13:00,1.2876000000000003,0.012729511071845893,False
2018-05-31 06:14:00,1.05272,0.012751712861182533,False
2018-05-31 14:13:00,1.289833333333333,0.012729373226490329,False
2018-05-31 14:14:00,1.0562,0.012676427544241808,False
2018-05-31 22:14:00,1.2676399999999999,0.012705523589614286,False
2018-05-31 22:15:00,1.0463043478260872,0.01275270864398861,False
2018-05-31 22:16:00,1.01,0.01302955140964077,False
2018-05-31 23:02:00,1.2673199999999998,0.01316564924160629,False
2018-05-31 23:03:00,1.0539599999999998,0.012991147527459916,False
2018-06-01 06:13:00,1.2968800000000005,0.013040987738526934,False
2018-06-01 06:14:00,1.0930833333333332,0.01298594889471705,False
2018-06-01 06:15:00,1.065,0.0129536396720967,False
2018-06-01 14:13:00,1.3017999999999998,0.01309206578985231,False
2018-06-01 14:17:00,1.4211249999999995,0.014124702520156436,False
2018-06-01 14:18:00,1.3210454545454549,0.014308747857360313,False
2018-06-01 14:19:00,1.0222777777777778,0.014293651276523175,False
2018-06-01 22:13:00,1.3032399999999995,0.014559018732052415,False
2018-06-01 22:14:00,1.0817500000000002,0.014545480592648435,False
2018-06-01 22:15:00,1.01,0.014638908469531305,False
2018-06-02 06:13:00,1.2568,0.01455147533978582,False
2018-06-02 06:14:00,1.0619130434782609,0.014581552610538446,False
2018-06-02 06:15:00,1.025,0.014809043415080545,False
2018-06-02 14:13:00,1.2771250000000005,0.014870570727329136,False
2018-06-02 14:14:00,1.071304347826087,0.014901679435158537,False
2018-06-02 14:15:00,0.9845,0.015317498914653862,False
2018-06-02 22:13:00,1.303125,0.01544384451999155,False
2018-06-02 22:14:00,1.0696521739130431,0.015472550824114535,False
2018-06-02 22:15:00,1.004,0.015754755308624604,False
2018-06-03 06:13:00,1.2954166666666664,0.01583648721197086,False
2018-06-03 06:14:00,1.0638,0.015819555325266296,False
2018-06-03 14:13:00,1.28332,0.015850712750148155,False
2018-06-03 14:14:00,1.0599999999999998,0.015803152241370452,False
2018-06-03 22:13:00,1.2819166666666668,0.015870746077081513,False
2018-06-03 22:14:00,1.0769166666666667,0.01598861403449936,False
2018-06-04 06:13:00,1.2778800000000003,0.01587154893346735,False
2018-06-04 06:14:00,1.06516,0.015736112065208373,False
2018-06-04 14:14:00,1.27472,0.015720638943227325,False
2018-06-04 14:15:00,1.0465599999999995,0.015280154815100967,False
2018-06-04 22:13:00,1.2074999999999998,0.014561249418524717,False
2018-06-04 22:14:00,1.2376666666666665,0.014492349331900746,False
2018-06-04 22:15:00,0.972153846153846,0.01492682578912324,False
2018-06-05 06:13:00,1.2717272727272724,0.015016189939532909,False
2018-06-05 06:14:00,1.1037391304347828,0.014885566147376756,False
2018-06-05 06:15:00,1.0015,0.015169529550906488,False
2018-06-05 14:13:00,1.2072222222222222,0.015068247458817427,False
2018-06-05 14:14:00,1.289,0.015262352876685292,False
2018-06-05 14:15:00,1.0131249999999998,0.015032089118760016,False
2018-06-05 22:14:00,1.315583333333333,0.015388167333016158,False
2018-06-05 22:15:00,1.0724000000000002,0.015364971658156224,False
2018-06-06 06:55:00,1.298,0.015302172864084355,False
2018-06-06 06:56:00,1.06284,0.01517378024378515,False
2018-06-06 14:15:00,1.255826086956522,0.0152327663376831,False
2018-06-06 14:16:00,1.04052,0.015390559798028081,False
2018-06-06 14:48:00,1.2554166666666666,0.015189535885609297,False
2018-06-06 14:49:00,1.06496,0.01509000079953462,False
2018-06-06 22:14:00,1.1901428571428572,0.014970597140288207,False
2018-06-06 22:15:00,1.3415,0.015519021259406855,False
2018-06-06 22:51:00,1.3945714285714284,0.015951541168741302,False
2018-06-06 22:52:00,1.3522941176470586,0.016254745444483232,False
2018-06-07 06:13:00,1.3916190476190475,0.01698824839113979,False
2018-06-07 06:14:00,1.40725,0.017692593365117092,False
2018-06-07 06:23:00,1.3594400000000002,0.017991618247572963,False
2018-06-07 06:24:00,1.063,0.018003683963869876,False
2018-06-07 14:14:00,1.27828,0.017923086093684964,False
2018-06-07 14:15:00,1.05768,0.01803260136667401,False
2018-06-07 15:08:00,1.2823043478260867,0.017920922395303778,False
2018-06-07 15:09:00,1.375,0.018035092507440894,False
2018-06-07 22:14:00,1.37064,0.018496721997181987,False
2018-06-07 22:57:00,1.3961999999999997,0.018893393015649157,False
2018-06-07 22:58:00,1.0689166666666667,0.01896249443174109,False
2018-06-07 23:05:00,1.0945,0.01895787653208797,False
2018-06-07 23:06:00,1.29255,0.018856939274667476,False
2018-06-08 06:13:00,1.34435,0.019042952693977162,False
2018-06-08 06:14:00,1.1531363636363636,0.018180866751025607,False
2018-06-08 06:15:00,0.9503333333333334,0.018824535705609734,False
2018-06-08 14:13:00,1.027,0.01879904826216303,False
2018-06-08 14:14:00,1.2939166666666668,0.018762780107214588,False
2018-06-08 14:32:00,1.3759285714285716,0.019188026573488993,False
2018-06-08 14:33:00,1.379,0.01922277028114528,False
2018-06-08 14:49:00,1.392153846153846,0.01981259915720723,False
2018-06-08 14:50:00,1.3907272727272728,0.020108272875468576,False
2018-06-08 22:13:00,1.3795238095238096,0.020069503817046162,False
2018-06-08 22:14:00,1.1395652173913045,0.02006461140333987,False
2018-06-08 22:15:00,0.9671666666666664,0.020721371634867133,False
2018-06-09 06:13:00,1.1788333333333336,0.019902096965468505,False
2018-06-09 06:14:00,1.3298695652173909,0.02000057277742493,False
2018-06-09 06:15:00,1.0276190476190477,0.020227284791842107,False
2018-06-09 14:13:00,1.2719,0.019576328297060967,False
2018-06-09 14:14:00,1.1587391304347825,0.01950055872675226,False
2018-06-09 14:15:00,0.9524285714285714,0.02025766811562639,False
2018-06-09 22:13:00,1.27548,0.020238603243993118,False
2018-06-09 22:14:00,1.06912,0.020194359117899272,False
2018-06-10 06:13:00,1.2780799999999999,0.020184958623632246,False
2018-06-10 06:14:00,1.0745833333333334,0.02019539272355755,False
2018-06-10 14:13:00,1.28028,0.020201202562988695,False
2018-06-10 14:14:00,1.0513600000000003,0.02027105039303926,False
2018-06-10 22:13:00,1.2752916666666667,0.02027235929032388,False
2018-06-10 22:14:00,1.04792,0.020264972035342395,False
2018-06-11 06:13:00,1.2328888888888887,0.020275724260426016,False
2018-06-11 06:14:00,1.1809565217391305,0.02027212663452737,False
2018-06-11 06:15:00,0.929625,0.020640792238891564,False
2018-06-11 14:14:00,1.2113571428571428,0.020567557045102318,False
2018-06-11 14:15:00,1.2214347826086955,0.020393421653869342,False
2018-06-11 14:16:00,0.9695833333333334,0.0206329660136739,False
2018-06-11 22:14:00,1.2008461538461537,0.02063352687182474,False
2018-06-11 22:15:00,1.257772727272727,0.02056252914998565,False
2018-06-11 22:16:00,0.9831333333333332,0.020773666834590487,False
2018-06-12 06:13:00,1.2472222222222222,0.020596584197292052,False
2018-06-12 06:14:00,1.1821363636363635,0.0203062010102023,False
2018-06-12 06:15:00,0.9428888888888888,0.02130341959096224,False
2018-06-12 14:15:00,1.27205,0.021057862843453297,False
2018-06-12 14:16:00,1.1442083333333333,0.02106870751642105,False
2018-06-12 14:17:00,1.007,0.021270865977756105,False
2018-06-12 15:04:00,1.2856956521739131,0.021341594862765666,False
2018-06-12 15:05:00,1.0615599999999998,0.021357570356719095,False
2018-06-12 22:13:00,1.2537222222222222,0.02139972701369775,False
2018-06-12 22:14:00,1.1889545454545454,0.021070868702261204,False
2018-06-12 22:15:00,0.979,0.021213303941509994,False
2018-06-13 06:13:00,1.2434999999999998,0.020824705865235736,False
2018-06-13 06:14:00,1.2205454545454544,0.020152662170367493,False
2018-06-13 06:15:00,0.9519,0.02023600767893158,False
2018-06-13 14:23:00,1.2865833333333334,0.019884224024027123,False
2018-06-13 14:24:00,1.0677999999999996,0.019865576316068497,False
2018-06-13 22:13:00,1.2550625,0.01979724680115937,False
2018-06-13 22:14:00,1.2361304347826092,0.01959011958479383,False
2018-06-13 22:15:00,0.9767272727272728,0.02011395777734215,False
2018-06-13 22:25:00,1.1741428571428572,0.019441901565921706,False
2018-06-13 22:26:00,1.2931739130434785,0.019026052695501665,False
2018-06-13 22:27:00,1.0115,0.01858065376006066,False
2018-06-14 06:13:00,1.2278,0.018475870057540214,False
2018-06-14 06:14:00,1.1901818181818185,0.01838637000720616,False
2018-06-14 06:15:00,0.967181818181818,0.018807198172161355,False
2018-06-14 14:15:00,1.2625999999999995,0.018422428029413417,False
2018-06-14 14:16:00,1.03912,0.018680873031795695,False
2018-06-14 22:13:00,1.2450666666666668,0.018013448197492128,False
2018-06-14 22:14:00,1.2372608695652174,0.01775271958425292,False
2018-06-14 22:15:00,0.9701666666666666,0.018144772557332284,False
2018-06-15 06:13:00,1.2309333333333332,0.017458764450388672,False
2018-06-15 06:14:00,1.2293043478260868,0.01673439617545379,False
2018-06-15 06:15:00,0.96125,0.016440259639975204,False
2018-06-15 14:14:00,1.2033333333333334,0.015515247143795876,False
2018-06-15 14:15:00,1.2587391304347826,0.014818024785418377,False
2018-06-15 14:16:00,0.9906666666666666,0.015229293568756738,False
2018-06-15 22:14:00,1.2690799999999998,0.014924832818712807,False
2018-06-15 22:15:00,1.0502083333333332,0.015076547000060806,False
2018-06-16 06:14:00,1.223705882352941,0.014610765591937375,False
2018-06-16 06:15:00,1.1933913043478264,0.014400873745626281,False
2018-06-16 06:16:00,0.9412,0.014848519121259781,False
2018-06-16 14:13:00,1.1869285714285716,0.0148761091239082,False
2018-06-16 14:14:00,1.1985652173913044,0.014285795733134665,False
2018-06-16 14:15:00,0.9721666666666664,0.01451145471325537,False
2018-06-16 22:13:00,1.2928400000000002,0.01478350234063283,False
2018-06-16 22:14:00,1.0642608695652174,0.014595193143350095,False
2018-06-16 22:15:00,0.999,0.014866746411379389,False
2018-06-17 06:13:00,1.2791666666666668,0.014861553968359975,False
2018-06-17 06:14:00,1.0552608695652177,0.014849804822390714,False
2018-06-17 06:15:00,1.001,0.014866199830829244,False
2018-06-17 14:13:00,1.2895,0.01510428703312779,False
2018-06-17 14:14:00,1.073772727272727,0.015034129781814336,False
2018-06-17 14:15:00,1.0023333333333335,0.015311839138293636,False
2018-06-17 22:13:00,1.2822608695652171,0.01491716919114662,False
2018-06-17 22:14:00,1.0703478260869566,0.014916549682439153,False
2018-06-17 22:15:00,0.9520000000000001,0.0153785629367608,False
2018-06-18 06:13:00,1.2637826086956525,0.01517086910106106,False
2018-06-18 06:14:00,1.078681818181818,0.015167467222997543,False
2018-06-18 06:15:00,0.96475,0.015408056279295496,False
2018-06-18 14:14:00,1.2494000000000005,0.015236625845070257,False
2018-06-18 14:15:00,1.0400800000000003,0.015181162570763731,False
2018-06-18 22:14:00,1.2778,0.01548970153041809,False
2018-06-18 22:15:00,1.03625,0.015025019148319574,False
2018-06-19 06:13:00,1.11525,0.014717903291993044,False
2018-06-19 06:14:00,1.3087826086956518,0.015223122736662185,False
2018-06-19 06:15:00,1.0338636363636364,0.015116489402907891,False
2018-06-19 14:13:00,1.212,0.014837425004881897,False
2018-06-19 14:14:00,1.2730454545454544,0.015045431573341777,False
2018-06-19 14:15:00,0.9962666666666667,0.015158105179583123,False
2018-06-19 22:13:00,1.2023333333333337,0.015185213325517612,False
2018-06-19 22:14:00,1.271681818181818,0.015055435885041785,False
2018-06-19 22:15:00,0.9854,0.01526768704459385,False
2018-06-20 06:13:00,1.2029090909090907,0.015222660241970538,False
2018-06-20 06:14:00,1.2514583333333331,0.014846110288650008,False
2018-06-20 06:15:00,0.9629333333333336,0.014997535420959331,False
2018-06-20 14:15:00,1.1828461538461537,0.014952690954728601,False
2018-06-20 14:16:00,1.2471304347826089,0.01492220444991275,False
2018-06-20 14:17:00,0.9769285714285714,0.01517665317185717,False
2018-06-20 14:30:00,1.2503600000000001,0.014971983640848221,False
2018-06-20 14:31:00,1.0319999999999998,0.015134041537673778,False
2018-06-20 22:13:00,1.1636363636363638,0.014721433301741855,False
2018-06-20 22:14:00,1.2393636363636362,0.014645519084077872,False
2018-06-20 22:15:00,0.9806875,0.014903988483767323,False
2018-06-20 22:38:00,1.2667916666666663,0.015150199745570749,False
2018-06-20 22:39:00,1.0605199999999997,0.014766583006315347,False
2018-06-21 06:13:00,1.2064545454545454,0.014577929650694415,False
2018-06-21 06:14:00,1.2557142857142856,0.014656309090125556,False
2018-06-21 06:15:00,1.008235294117647,0.014735967054997164,False
2018-06-21 14:28:00,1.2756956521739131,0.014894342193713838,False
2018-06-21 14:29:00,1.0706799999999999,0.014500280403564058,False
2018-06-21 14:54:00,1.2520000000000002,0.014574817577948193,False
2018-06-21 14:55:00,1.187375,0.014473302370287789,False
2018-06-21 14:56:00,0.96675,0.014441120173446323,False
2018-06-21 22:13:00,1.2091999999999998,0.014454953245089124,False
2018-06-21 22:14:00,1.2834347826086954,0.014567233866953471,False
2018-06-21 22:15:00,1.001588235294118,0.014514983465267941,False
2018-06-21 22:41:00,1.2837916666666664,0.014584284094359698,False
2018-06-21 22:49:00,1.391857142857143,0.01551761811894941,False
2018-06-21 22:50:00,1.3464347826086958,0.016103211443503768,False
2018-06-21 22:51:00,1.0068421052631578,0.016379331919124444,False
2018-06-22 06:19:00,1.2049999999999998,0.01574151864300125,False
2018-06-22 06:20:00,1.2714347826086956,0.015975999859384547,False
2018-06-22 06:21:00,0.9771333333333334,0.016413887525967345,False
2018-06-22 14:15:00,1.0610000000000002,0.016026941514299023,False
2018-06-22 14:16:00,1.287,0.015998405287378323,False
2018-06-22 14:17:00,1.0024090909090908,0.0162329679574958,False
2018-06-22 22:14:00,1.2688888888888892,0.016114051589172698,False
2018-06-22 22:15:00,1.2193478260869566,0.015910131889208458,False
2018-06-22 22:16:00,0.9463333333333332,0.01645103933853856,False
2018-06-22 22:30:00,1.2103846153846154,0.016149868270461998,False
2018-06-22 22:31:00,1.2316818181818183,0.01593191559505035,False
2018-06-22 22:32:00,0.9375384615384617,0.016588215485829904,False
2018-06-23 06:13:00,1.1738888888888892,0.016239561113082966,False
2018-06-23 06:14:00,1.2617727272727273,0.01615434877954117,False
2018-06-23 06:15:00,1.0046666666666668,0.01640170598343613,False
2018-06-23 14:13:00,1.2653000000000003,0.01595545403883502,False
2018-06-23 14:14:00,1.140565217391304,0.015746939824454236,False
2018-06-23 14:15:00,0.95,0.016339367222566313,False
2018-06-24 22:14:00,0.9320476190476196,0.016561532565520773,False
2018-06-24 22:15:00,1.1165652173913043,0.01640143974415297,False
2018-06-24 22:16:00,0.9461666666666666,0.016886657249019443,False
2018-06-25 06:13:00,1.239444444444444,0.016738195378247594,False
2018-06-25 06:14:00,1.2071363636363637,0.01660004640408988,False
2018-06-25 06:15:00,0.9693333333333334,0.017111784375148917,False
2018-06-25 06:52:00,1.1523333333333332,0.016648652843695343,False
2018-06-25 06:53:00,1.2766956521739132,0.01674191413031407,False
2018-06-25 06:54:00,1.0202380952380952,0.016925592818012678,False
2018-06-25 14:15:00,1.23975,0.016797041153434902,False
2018-06-25 14:16:00,1.0278333333333334,0.016657467618994323,False
2018-06-25 22:13:00,1.141571428571429,0.016596273159093816,False
2018-06-25 22:14:00,1.2831818181818178,0.016649134160176958,False
2018-06-25 22:15:00,1.011684210526316,0.01652118385108415,False
2018-06-26 06:13:00,1.1573333333333335,0.01646226714583832,False
2018-06-26 06:14:00,1.3194782608695652,0.01679267174862626,False
2018-06-26 06:15:00,1.0290000000000001,0.016462733201074664,False
2018-06-26 15:05:00,1.209666666666667,0.016510184564203105,False
2018-06-26 15:06:00,1.2114090909090909,0.016406920226651498,False
2018-06-26 15:07:00,0.9896666666666666,0.016337615865678126,False
2018-06-26 22:13:00,1.1371666666666669,0.0161426865330149,False
2018-06-26 22:14:00,1.2906666666666666,0.016293146671786,False
2018-06-26 22:23:00,1.3714166666666667,0.01713459040701497,False
2018-06-26 22:24:00,1.2890434782608695,0.01732656864211787,False
2018-06-26 22:25:00,0.9936666666666666,0.017254610588241567,False
2018-06-27 06:13:00,1.128,0.017030117863301903,False
2018-06-27 06:14:00,1.2930416666666666,0.017237571112151684,False
2018-06-27 06:15:00,1.0437368421052629,0.017380692456869955,False
2018-06-27 14:16:00,1.280625,0.017480567594861485,False
2018-06-27 14:17:00,1.03996,0.017344776299897207,False
2018-06-27 22:15:00,1.21225,0.017142888715226748,False
2018-06-27 22:16:00,1.243695652173913,0.017179090352454744,False
2018-06-27 22:17:00,0.9731538461538464,0.017534089193115374,False
2018-06-27 22:33:00,1.2728260869565216,0.017770394229570514,False
2018-06-27 22:34:00,1.05092,0.017367804167374327,False
2018-06-28 06:13:00,1.1262,0.01731784938124128,False
2018-06-28 06:14:00,1.2780909090909094,0.017294018593010153,False
2018-06-28 06:15:00,1.0424347826086957,0.017117487938622205,False
2018-06-28 14:13:00,1.1380000000000003,0.016809765054263903,False
2018-06-28 14:14:00,1.2839166666666666,0.016109537842926815,False
2018-06-28 14:15:00,1.0020000000000002,0.01574208407523542,False
2018-06-28 22:14:00,1.27752,0.015742541218560106,False
2018-06-28 22:15:00,1.0626799999999998,0.01578770191006111,False
2018-06-28 22:32:00,1.2884583333333337,0.01586721621212469,False
2018-06-28 22:33:00,1.0883599999999998,0.01545066733923899,False
2018-06-28 22:44:00,1.2555714285714286,0.015533191363709115,False
2018-06-28 22:45:00,1.1318695652173911,0.015200148428877727,False
2018-06-28 22:46:00,0.9705,0.015371147925998143,False
2018-06-29 06:14:00,1.2599166666666666,0.015334590034382674,False
2018-06-29 06:15:00,1.05428,0.015367821263869336,False
2018-06-29 14:15:00,1.2622916666666666,0.014942640593680384,False
2018-06-29 14:16:00,1.04964,0.015025962830086805,False
2018-06-29 22:16:00,1.2468421052631582,0.015074872220127227,False
2018-06-29 22:17:00,1.2315,0.014455587303057212,False
2018-06-29 22:22:00,1.2589411764705882,0.014647575083133331,False
2018-06-29 22:23:00,1.3391666666666666,0.015039243605048177,False
2018-06-29 22:39:00,1.356375,0.015346437825882082,False
2018-06-29 22:40:00,1.3060454545454545,0.015522745156098541,False
2018-06-29 22:41:00,1.0933333333333335,0.015588424104881041,False
2018-06-29 22:46:00,1.2986000000000002,0.015160859601489458,False
2018-06-29 22:47:00,1.166,0.014238428169085627,False
2018-07-02 06:18:00,1.2968800000000005,0.014470291405017037,False
2018-07-02 06:19:00,1.1937777777777778,0.013610930056506314,False
2018-07-02 06:23:00,1.30864,0.013843255844722976,False
2018-07-02 06:24:00,1.1986666666666668,0.013835389011218377,False
2018-07-02 06:29:00,1.270684210526316,0.013243584958468873,False
2018-07-02 06:30:00,1.2805714285714287,0.013395429750475859,False
2018-07-02 06:46:00,1.3192499999999998,0.013561359508916446,False
2018-07-02 06:47:00,1.2486666666666666,0.013168377523494226,False
2018-07-02 06:54:00,1.2653333333333334,0.013224939726434634,False
2018-07-02 06:55:00,1.145555555555556,0.01281861899355127,False
2018-07-02 14:16:00,1.1223333333333334,0.01285604043865417,False
2018-07-02 14:17:00,1.2843636363636366,0.012859829795576455,False
2018-07-02 14:18:00,1.0124999999999995,0.012854932041967557,False
2018-07-02 22:13:00,1.035,0.013236536910961834,False
2018-07-02 22:14:00,1.288695652173913,0.01311426799952426,False
2018-07-02 22:15:00,1.0454,0.013031104584642648,False
2018-07-03 06:13:00,1.014,0.013518384266955284,False
2018-07-03 06:14:00,1.2809565217391303,0.01366439841631606,False
2018-07-03 06:15:00,1.0660833333333335,0.013256180031366957,False
2018-07-03 06:59:00,1.2174375,0.013230417559701089,False
2018-07-03 07:00:00,1.2004782608695652,0.013050391816130883,False
2018-07-03 07:01:00,0.9638181818181818,0.013256562692375459,False
2018-07-03 14:15:00,1.2644799999999998,0.013175108518790363,False
2018-07-03 14:16:00,1.0339200000000002,0.01294958732571886,False
2018-07-03 22:14:00,1.26296,0.013017988796923194,False
2018-07-03 22:15:00,1.0712000000000002,0.01300057035007137,False
2018-07-03 22:31:00,1.1006666666666665,0.01279556788868609,False
2018-07-03 22:32:00,1.2980454545454545,0.012860694015331534,False
2018-07-03 22:37:00,1.382,0.013196178534601331,False
2018-07-03 22:38:00,1.3582608695652176,0.013686888658723827,False
2018-07-03 22:39:00,1.0346818181818185,0.014015633571423563,False
2018-07-04 06:16:00,1.2564000000000002,0.013329802098170683,False
2018-07-04 06:17:00,1.04772,0.013531386641219431,False
2018-07-04 14:33:00,1.222875,0.013243725538533434,False
2018-07-04 14:34:00,1.3043333333333331,0.013401338084016445,False
2018-07-04 14:35:00,1.019625,0.013748625544132574,False
2018-07-04 22:14:00,1.29508,0.013579998110772006,False
2018-07-04 22:15:00,1.0479166666666668,0.01387572625258813,False
2018-07-05 06:14:00,1.216,0.013734198916296764,False
2018-07-05 06:17:00,1.3633999999999995,0.013633364587052445,False
2018-07-05 06:18:00,1.0684166666666668,0.013769683019206582,False
2018-07-05 06:19:00,0.994,0.014145781874950782,False
2018-07-05 14:14:00,1.230058823529412,0.014006350586255703,False
2018-07-05 14:15:00,1.1944782608695654,0.013834386440596449,False
2018-07-05 14:16:00,0.983,0.014467777009705932,False
2018-07-05 15:14:00,1.2888,0.014592586310053068,False
2018-07-05 22:14:00,1.3688800000000003,0.014298047840905383,False
2018-07-05 22:15:00,1.0661200000000002,0.01449635814745391,False
2018-07-06 06:15:00,1.2460000000000002,0.014216589272832286,False
2018-07-06 06:16:00,1.2402608695652173,0.014174264682963537,False
2018-07-06 06:17:00,0.9903333333333334,0.0145239482452411,False
2018-07-06 14:14:00,1.281125,0.01460560861205708,False
2018-07-06 14:27:00,1.3784000000000003,0.015151998476804538,False
2018-07-06 14:28:00,1.3994090909090908,0.01577841257087882,False
2018-07-06 14:29:00,1.0509047619047618,0.015791634437244968,False
2018-07-06 14:53:00,1.2622916666666666,0.015421262680809981,False
2018-07-06 14:54:00,1.0402799999999999,0.015574786189523578,False
2018-07-06 22:15:00,1.2756400000000003,0.01554375265014396,False
2018-07-06 22:16:00,1.0435600000000005,0.015697833602348787,False
2018-07-09 06:14:00,1.2434399999999999,0.015743241647084752,False
2018-07-09 06:15:00,1.05584,0.01582249006212808,False
2018-07-09 06:51:00,1.2564166666666667,0.01590853885725033,False
2018-07-09 07:11:00,1.3707199999999995,0.016232761504821083,False
2018-07-09 07:12:00,1.05932,0.01649716282181763,False
2018-07-09 14:14:00,1.2446399999999995,0.01643176741513244,False
2018-07-09 14:15:00,1.06225,0.016506828022148177,False
2018-07-09 14:32:00,1.1739000000000002,0.016171525028046946,False
2018-07-09 14:33:00,1.2922,0.01630841058737375,False
2018-07-09 14:38:00,1.3399230769230768,0.016621864173447833,False
2018-07-09 14:39:00,1.3181999999999998,0.01692126567532752,False
2018-07-09 14:50:00,1.33344,0.01723592281228235,False
2018-07-09 14:51:00,1.0299199999999995,0.01746374549209409,False
2018-07-09 22:14:00,1.2517200000000002,0.01704759561272036,False
2018-07-09 22:18:00,1.37325,0.017229725565413783,False
2018-07-09 22:19:00,1.314833333333333,0.01732761972038429,False
2018-07-09 22:20:00,0.9885624999999998,0.017662942230292668,False
2018-07-10 06:14:00,1.24696,0.01717325864441974,False
2018-07-10 06:15:00,1.07492,0.017276453694408077,False
2018-07-10 14:15:00,1.2679166666666666,0.017100766010487163,False
2018-07-10 14:16:00,1.03508,0.017512350567969924,False
2018-07-10 22:14:00,1.2399090909090908,0.017550503419626905,False
2018-07-10 22:15:00,1.0871304347826087,0.01685020822852543,False
2018-07-10 22:16:00,0.9645,0.01763365176694613,False
2018-07-11 06:14:00,1.112,0.01732470751155878,False
2018-07-11 06:15:00,1.2580434782608696,0.017313006613259914,False
2018-07-11 06:16:00,1.0329090909090906,0.01749197400322559,False
2018-07-11 07:13:00,1.1979285714285717,0.017356374344319216,False
2018-07-11 07:14:00,1.213086956521739,0.01716906811703529,False
2018-07-11 07:15:00,0.9859230769230772,0.017203412743298254,False
2018-07-11 22:15:00,0.847,0.01852624321973851,False
2018-07-11 22:16:00,1.0463333333333331,0.01847320417693934,False
2018-07-11 22:17:00,0.8764285714285714,0.019829655355219862,False
2018-07-12 06:14:00,1.2478799999999999,0.019677484753164616,False
2018-07-12 06:15:00,0.9871200000000002,0.02019641025449524,False
2018-07-12 14:14:00,1.1804800000000002,0.01987954386234489,False
2018-07-12 14:53:00,1.3194000000000004,0.019890850208729265,False
2018-07-12 14:54:00,1.0062399999999998,0.02006543685222712,False
2018-07-12 22:14:00,1.2206,0.019870716232396085,False
2018-07-12 22:15:00,0.9795833333333334,0.020425295635480768,False
2018-07-13 06:14:00,1.3103600000000002,0.020115505676257067,False
2018-07-13 06:15:00,1.03044,0.02026276885482055,False
2018-07-13 14:14:00,1.0572499999999998,0.01996601504238917,False
2018-07-13 14:15:00,1.2372173913043478,0.019982763531583937,False
2018-07-13 14:16:00,0.9248499999999998,0.020922050381735464,False
2018-07-13 22:14:00,1.2334000000000005,0.020463086945637178,False
2018-07-13 22:15:00,1.0004800000000005,0.02063231780229497,False
2018-07-13 22:49:00,1.2480000000000002,0.02001810468843742,False
2018-07-16 07:07:00,1.4036799999999996,0.020871149266055947,False
2018-07-16 07:08:00,1.00308,0.02117253068079413,False
2018-07-16 14:14:00,1.24688,0.021191468148441958,False
2018-07-16 14:15:00,1.0054999999999998,0.02110847038374729,False
2018-07-16 22:14:00,1.2245833333333336,0.02092859681562792,False
2018-07-16 22:15:00,0.9900869565217391,0.020547608893638342,False
2018-07-17 06:14:00,1.1137142857142857,0.019512537047117924,False
2018-07-17 06:15:00,1.2593181818181818,0.019555436656454987,False
2018-07-17 06:16:00,0.9621904761904764,0.019922008584772926,False
2018-07-17 14:15:00,1.1598399999999998,0.019732695875348323,False
2018-07-17 14:16:00,0.9358,0.02018445244615843,False
2018-07-17 22:14:00,1.2107200000000002,0.020091772255163204,False
2018-07-17 22:15:00,0.9972799999999998,0.020279334883275896,False
2018-07-18 06:14:00,1.31892,0.02067530464623516,False
2018-07-18 06:15:00,1.03112,0.020671678321108087,False
2018-07-18 14:14:00,1.2804399999999996,0.020105771766738785,False
2018-07-18 14:15:00,1.01308,0.020267730949414926,False
2018-07-18 22:14:00,1.235333333333333,0.020235891574550892,False
2018-07-18 22:15:00,1.0044799999999998,0.020441786154677125,False
2018-07-19 06:14:00,1.2981200000000002,0.020850036555099587,False
2018-07-19 06:15:00,1.0078399999999998,0.02073150590441798,False
2018-07-19 14:14:00,1.2147083333333333,0.020124509805301595,False
2018-07-19 14:15:00,1.001166666666667,0.01981222195276793,False
2018-07-19 22:14:00,1.2313333333333334,0.019274848068566462,False
2018-07-19 22:15:00,1.01184,0.01933935414516939,False
2018-07-20 06:14:00,1.2644399999999998,0.019396268234843,False
2018-07-20 06:15:00,1.018,0.0185244778565165,False
2018-07-20 14:14:00,1.29928,0.018425930214777553,False
2018-07-20 14:15:00,1.00675,0.018350401471539577,False
2018-07-20 22:15:00,1.2834166666666669,0.0185290633761352,False
2018-07-20 22:28:00,1.4123333333333334,0.019900361063873957,False
2018-07-20 22:29:00,1.2254761904761908,0.019726996728618156,False
2018-07-20 22:30:00,0.9151666666666666,0.020335571647550784,False
2018-07-21 06:14:00,1.35868,0.021037989258221194,False
2018-07-21 06:15:00,1.0502,0.021109154492617938,False
2018-07-21 14:14:00,1.37232,0.021659466901805507,False
2018-07-21 14:15:00,1.053625,0.021755839543500986,False
2018-07-21 22:14:00,1.3634400000000002,0.022394775262107522,False
2018-07-21 22:15:00,1.0544000000000002,0.0223297128605951,False
2018-07-22 06:14:00,1.35144,0.023059604841495458,False
2018-07-22 06:15:00,1.05692,0.023056411204852353,False
2018-07-22 14:14:00,1.3638,0.02355102976238016,False
2018-07-22 14:15:00,1.05516,0.02220997538152498,False
2018-07-22 22:14:00,1.3767200000000002,0.022948107965134235,False
2018-07-22 22:15:00,1.05332,0.021838954672530955,False
2018-07-23 06:14:00,1.3795416666666664,0.022558822324470314,False
2018-07-23 06:15:00,1.06684,0.022215082063648993,False
2018-07-23 14:14:00,1.2455500000000002,0.022342197957504698,False
2018-07-23 14:15:00,1.1233043478260871,0.02189644228242382,False
2018-07-23 14:16:00,0.8887142857142857,0.022709973076075033,False
2018-07-23 14:49:00,1.1851111111111112,0.022646874954532208,False
2018-07-23 14:50:00,1.3041363636363636,0.022526355670741006,False
2018-07-23 14:51:00,0.963777777777778,0.022709185327543686,False
2018-07-23 22:16:00,1.2204090909090908,0.022542391658667445,False
2018-07-23 22:17:00,1.0026086956521738,0.022769336545189665,False
2018-07-23 22:18:00,0.8872500000000001,0.02379964016026569,False
2018-07-24 06:14:00,1.3244583333333335,0.023463140534379024,False
2018-07-24 06:15:00,1.0536,0.023510845886083338,False
2018-07-24 07:15:00,1.2305454545454546,0.023228269158642546,False
2018-07-24 07:16:00,1.310478260869565,0.023493124701053237,False
2018-07-24 07:17:00,0.9439375,0.02313568708799369,False
2018-07-24 14:14:00,1.1903846153846152,0.022806344251295456,False
2018-07-24 14:15:00,1.2032857142857143,0.02269509413871539,False
2018-07-24 14:16:00,0.8895,0.023485351411659798,False
2018-07-24 22:16:00,1.2232800000000004,0.023481974294079003,False
2018-07-24 22:17:00,0.97416,0.023571179292128232,False
