,end_time,RBG3,end_time_d
0,2018-03-19 13:17:00,1.5272499999999998,2018-03-19 13:17:00
1,2018-03-19 13:18:00,2.1045416666666665,2018-03-19 13:18:00
2,2018-03-19 13:50:00,1.997,2018-03-19 13:50:00
3,2018-03-19 13:51:00,2.154347826086956,2018-03-19 13:51:00
4,2018-03-19 13:52:00,2.1011874999999995,2018-03-19 13:52:00
5,2018-03-19 21:15:00,2.038916666666668,2018-03-19 21:15:00
6,2018-03-19 21:16:00,2.23195652173913,2018-03-19 21:16:00
7,2018-03-19 21:17:00,2.026,2018-03-19 21:17:00
8,2018-03-20 05:15:00,2.11008,2018-03-20 05:15:00
9,2018-03-20 05:16:00,2.182583333333333,2018-03-20 05:16:00
10,2018-03-20 13:16:00,2.0727500000000005,2018-03-20 13:16:00
11,2018-03-20 13:17:00,2.225916666666666,2018-03-20 13:17:00
12,2018-03-20 13:18:00,2.096,2018-03-20 13:18:00
13,2018-03-20 14:49:00,2.076,2018-03-20 14:49:00
14,2018-03-20 14:50:00,2.065826086956521,2018-03-20 14:50:00
15,2018-03-20 14:51:00,2.2029200000000007,2018-03-20 14:51:00
16,2018-03-20 14:54:00,2.07924,2018-03-20 14:54:00
17,2018-03-20 14:55:00,2.23544,2018-03-20 14:55:00
18,2018-03-20 17:01:00,2.0646400000000003,2018-03-20 17:01:00
19,2018-03-20 17:02:00,2.1909600000000005,2018-03-20 17:02:00
20,2018-03-20 21:15:00,2.09388,2018-03-20 21:15:00
21,2018-03-20 21:16:00,2.17325,2018-03-20 21:16:00
22,2018-03-21 05:15:00,2.14224,2018-03-21 05:15:00
23,2018-03-21 05:16:00,2.3043200000000006,2018-03-21 05:16:00
24,2018-03-21 13:43:00,2.1784166666666667,2018-03-21 13:43:00
25,2018-03-21 13:44:00,2.1689200000000004,2018-03-21 13:44:00
26,2018-03-21 21:18:00,2.161928571428571,2018-03-21 21:18:00
27,2018-03-21 21:19:00,2.2209565217391303,2018-03-21 21:19:00
28,2018-03-21 21:20:00,1.8876923076923082,2018-03-21 21:20:00
29,2018-03-21 21:47:00,2.09808,2018-03-21 21:47:00
30,2018-03-21 21:48:00,2.0366250000000004,2018-03-21 21:48:00
31,2018-03-22 05:15:00,1.961636363636364,2018-03-22 05:15:00
32,2018-03-22 05:16:00,2.230454545454546,2018-03-22 05:16:00
33,2018-03-22 05:17:00,1.9092941176470597,2018-03-22 05:17:00
34,2018-03-22 13:15:00,2.07596,2018-03-22 13:15:00
35,2018-03-22 13:16:00,2.0397826086956523,2018-03-22 13:16:00
36,2018-03-22 21:15:00,2.1362083333333337,2018-03-22 21:15:00
37,2018-03-22 21:16:00,2.10724,2018-03-22 21:16:00
38,2018-03-23 05:15:00,2.12016,2018-03-23 05:15:00
39,2018-03-23 05:16:00,2.024,2018-03-23 05:16:00
40,2018-03-23 13:15:00,1.8991428571428568,2018-03-23 13:15:00
41,2018-03-23 13:16:00,2.223875,2018-03-23 13:16:00
42,2018-03-23 13:17:00,1.8807777777777772,2018-03-23 13:17:00
43,2018-03-23 21:15:00,2.1160799999999997,2018-03-23 21:15:00
44,2018-03-23 21:16:00,2.08104,2018-03-23 21:16:00
45,2018-03-24 05:15:00,2.0955000000000004,2018-03-24 05:15:00
46,2018-03-24 05:16:00,2.0201599999999997,2018-03-24 05:16:00
47,2018-03-24 05:20:00,1.909625,2018-03-24 05:20:00
48,2018-03-24 05:21:00,2.157,2018-03-24 05:21:00
49,2018-03-24 05:22:00,1.9305555555555551,2018-03-24 05:22:00
50,2018-03-24 13:15:00,2.0671600000000003,2018-03-24 13:15:00
51,2018-03-24 13:16:00,2.0581304347826093,2018-03-24 13:16:00
52,2018-03-24 13:49:00,2.0508,2018-03-24 13:49:00
53,2018-03-24 13:50:00,2.08204,2018-03-24 13:50:00
54,2018-03-24 21:15:00,2.1504166666666658,2018-03-24 21:15:00
55,2018-03-24 21:16:00,1.9968400000000002,2018-03-24 21:16:00
56,2018-03-25 06:14:00,1.9116666666666664,2018-03-25 06:14:00
57,2018-03-25 06:15:00,2.146434782608696,2018-03-25 06:15:00
58,2018-03-25 06:16:00,2.0418695652173917,2018-03-25 06:16:00
59,2018-03-25 14:14:00,1.9423333333333328,2018-03-25 14:14:00
60,2018-03-25 14:15:00,2.182826086956521,2018-03-25 14:15:00
61,2018-03-25 14:16:00,2.03275,2018-03-25 14:16:00
62,2018-03-25 22:16:00,2.14644,2018-03-25 22:16:00
63,2018-03-25 22:17:00,2.038958333333333,2018-03-25 22:17:00
64,2018-03-25 22:18:00,1.7719999999999998,2018-03-25 22:18:00
65,2018-03-26 06:15:00,2.11164,2018-03-26 06:15:00
66,2018-03-26 06:16:00,2.08924,2018-03-26 06:16:00
67,2018-03-26 14:15:00,2.1532400000000003,2018-03-26 14:15:00
68,2018-03-26 14:16:00,2.0687599999999997,2018-03-26 14:16:00
69,2018-03-26 22:15:00,2.2045600000000003,2018-03-26 22:15:00
70,2018-03-26 22:16:00,2.09436,2018-03-26 22:16:00
71,2018-03-27 06:15:00,2.0532,2018-03-27 06:15:00
72,2018-03-27 06:16:00,2.2416521739130437,2018-03-27 06:16:00
73,2018-03-27 06:17:00,1.8731428571428568,2018-03-27 06:17:00
74,2018-03-27 14:15:00,2.1646666666666667,2018-03-27 14:15:00
75,2018-03-27 14:16:00,2.0798695652173915,2018-03-27 14:16:00
76,2018-03-27 14:17:00,1.853,2018-03-27 14:17:00
77,2018-03-27 22:15:00,2.12875,2018-03-27 22:15:00
78,2018-03-27 22:16:00,2.2686666666666664,2018-03-27 22:16:00
79,2018-03-27 22:17:00,1.8828333333333327,2018-03-27 22:17:00
80,2018-03-27 22:26:00,2.069,2018-03-27 22:26:00
81,2018-03-27 22:27:00,2.2555454545454547,2018-03-27 22:27:00
82,2018-03-27 22:28:00,2.0262857142857142,2018-03-27 22:28:00
83,2018-03-28 06:15:00,2.28372,2018-03-28 06:15:00
84,2018-03-28 06:16:00,2.0959599999999994,2018-03-28 06:16:00
85,2018-03-28 14:15:00,2.3473599999999997,2018-03-28 14:15:00
86,2018-03-28 14:16:00,2.18312,2018-03-28 14:16:00
87,2018-03-28 14:36:00,2.23575,2018-03-28 14:36:00
88,2018-03-28 14:37:00,2.4793913043478257,2018-03-28 14:37:00
89,2018-03-28 14:38:00,2.099,2018-03-28 14:38:00
90,2018-03-28 22:15:00,2.4211666666666667,2018-03-28 22:15:00
91,2018-03-28 22:16:00,2.1404000000000005,2018-03-28 22:16:00
92,2018-03-29 06:15:00,2.240333333333333,2018-03-29 06:15:00
93,2018-03-29 06:16:00,2.458772727272727,2018-03-29 06:16:00
94,2018-03-29 06:17:00,2.1010000000000004,2018-03-29 06:17:00
95,2018-03-29 14:15:00,2.3062380952380948,2018-03-29 14:15:00
96,2018-03-29 14:16:00,2.244173913043478,2018-03-29 14:16:00
97,2018-03-29 14:17:00,1.9256,2018-03-29 14:17:00
98,2018-03-29 14:33:00,2.2702727272727268,2018-03-29 14:33:00
99,2018-03-29 14:34:00,2.3936521739130434,2018-03-29 14:34:00
100,2018-03-29 14:35:00,1.9709375,2018-03-29 14:35:00
101,2018-03-29 15:00:00,2.3039999999999994,2018-03-29 15:00:00
102,2018-03-29 15:01:00,2.144041666666667,2018-03-29 15:01:00
103,2018-03-29 22:15:00,2.40488,2018-03-29 22:15:00
104,2018-03-29 22:16:00,2.2478,2018-03-29 22:16:00
105,2018-04-02 22:44:00,2.3194615384615385,2018-04-02 22:44:00
106,2018-04-02 22:45:00,2.4461304347826087,2018-04-02 22:45:00
107,2018-04-02 22:46:00,1.958857142857143,2018-04-02 22:46:00
108,2018-04-03 06:15:00,2.3706000000000005,2018-04-03 06:15:00
109,2018-04-03 06:16:00,2.1568,2018-04-03 06:16:00
110,2018-04-03 06:42:00,2.3807199999999997,2018-04-03 06:42:00
111,2018-04-03 06:43:00,2.1697599999999997,2018-04-03 06:43:00
112,2018-04-03 14:15:00,1.4026666666666667,2018-04-03 14:15:00
113,2018-04-03 14:16:00,2.429291666666666,2018-04-03 14:16:00
114,2018-04-03 14:17:00,1.9533571428571423,2018-04-03 14:17:00
115,2018-04-03 15:06:00,2.037,2018-04-03 15:06:00
116,2018-04-03 15:07:00,2.418043478260869,2018-04-03 15:07:00
117,2018-04-03 15:08:00,2.1500000000000004,2018-04-03 15:08:00
118,2018-04-03 22:15:00,2.49204,2018-04-03 22:15:00
119,2018-04-03 22:16:00,2.26,2018-04-03 22:16:00
120,2018-04-04 06:42:00,2.4249600000000004,2018-04-04 06:42:00
121,2018-04-04 06:43:00,2.221375,2018-04-04 06:43:00
122,2018-04-04 22:16:00,2.1810400000000003,2018-04-04 22:16:00
123,2018-04-04 22:17:00,2.0273599999999994,2018-04-04 22:17:00
124,2018-04-05 06:15:00,2.75756,2018-04-05 06:15:00
125,2018-04-05 06:16:00,2.245041666666667,2018-04-05 06:16:00
127,2018-04-05 20:09:00,1.2129583333333336,2018-04-05 20:09:00
128,2018-04-05 22:15:00,1.189,2018-04-05 22:15:00
129,2018-04-05 22:16:00,1.1424166666666666,2018-04-05 22:16:00
131,2018-04-06 06:15:00,1.1590000000000005,2018-04-06 06:15:00
132,2018-04-06 06:16:00,1.1397272727272727,2018-04-06 06:16:00
134,2018-04-06 09:46:00,1.1926,2018-04-06 09:46:00
135,2018-04-06 09:47:00,1.1989090909090907,2018-04-06 09:47:00
136,2018-04-06 09:48:00,1.1614999999999998,2018-04-06 09:48:00
138,2018-04-06 13:55:00,1.182217391304348,2018-04-06 13:55:00
139,2018-04-06 13:56:00,1.1555217391304349,2018-04-06 13:56:00
140,2018-04-06 14:31:00,1.2091304347826086,2018-04-06 14:31:00
141,2018-04-06 14:32:00,1.1558333333333333,2018-04-06 14:32:00
142,2018-04-06 14:50:00,1.18072,2018-04-06 14:50:00
143,2018-04-06 14:51:00,1.1438,2018-04-06 14:51:00
144,2018-04-06 16:18:00,1.164,2018-04-06 16:18:00
148,2018-04-11 11:30:00,1.2606666666666666,2018-04-11 11:30:00
149,2018-04-11 11:31:00,1.265578947368421,2018-04-11 11:31:00
150,2018-04-11 12:05:00,1.3311250000000003,2018-04-11 12:05:00
151,2018-04-11 12:06:00,1.2878571428571428,2018-04-11 12:06:00
152,2018-04-11 12:07:00,1.2415,2018-04-11 12:07:00
153,2018-04-11 13:25:00,1.278695652173913,2018-04-11 13:25:00
154,2018-04-11 13:26:00,1.2262799999999998,2018-04-11 13:26:00
155,2018-04-11 13:39:00,1.2337857142857143,2018-04-11 13:39:00
156,2018-04-11 13:40:00,1.2757727272727273,2018-04-11 13:40:00
157,2018-04-11 13:41:00,1.1949230769230768,2018-04-11 13:41:00
158,2018-04-11 14:17:00,1.2543478260869565,2018-04-11 14:17:00
159,2018-04-11 14:18:00,1.218478260869565,2018-04-11 14:18:00
160,2018-04-11 14:26:00,1.2599090909090909,2018-04-11 14:26:00
161,2018-04-11 14:27:00,1.2454347826086958,2018-04-11 14:27:00
162,2018-04-11 14:28:00,1.2235,2018-04-11 14:28:00
163,2018-04-11 14:59:00,1.2679200000000002,2018-04-11 14:59:00
164,2018-04-11 15:00:00,1.2234000000000005,2018-04-11 15:00:00
165,2018-04-12 08:27:00,1.2627692307692309,2018-04-12 08:27:00
166,2018-04-12 08:28:00,1.2628636363636363,2018-04-12 08:28:00
167,2018-04-12 08:29:00,1.1865,2018-04-12 08:29:00
168,2018-04-12 08:44:00,1.2335833333333333,2018-04-12 08:44:00
169,2018-04-12 08:45:00,1.252,2018-04-12 08:45:00
170,2018-04-12 08:46:00,1.176642857142857,2018-04-12 08:46:00
171,2018-04-12 14:15:00,1.1853333333333331,2018-04-12 14:15:00
172,2018-04-12 14:16:00,1.2384166666666665,2018-04-12 14:16:00
173,2018-04-12 14:17:00,1.1795454545454545,2018-04-12 14:17:00
174,2018-04-12 22:15:00,1.2747368421052632,2018-04-12 22:15:00
175,2018-04-12 22:16:00,1.2805217391304349,2018-04-12 22:16:00
176,2018-04-12 22:17:00,1.186142857142857,2018-04-12 22:17:00
177,2018-04-13 06:34:00,1.2359999999999998,2018-04-13 06:34:00
178,2018-04-13 06:35:00,1.271,2018-04-13 06:35:00
179,2018-04-13 06:36:00,1.1756153846153847,2018-04-13 06:36:00
180,2018-04-13 06:54:00,1.2550400000000002,2018-04-13 06:54:00
181,2018-04-13 06:55:00,1.21184,2018-04-13 06:55:00
182,2018-04-13 14:17:00,1.2317333333333331,2018-04-13 14:17:00
183,2018-04-13 14:18:00,1.2605833333333336,2018-04-13 14:18:00
184,2018-04-13 14:19:00,1.2222,2018-04-13 14:19:00
185,2018-04-13 22:15:00,1.2486842105263154,2018-04-13 22:15:00
186,2018-04-13 22:16:00,1.2814999999999996,2018-04-13 22:16:00
187,2018-04-13 22:17:00,1.2028571428571428,2018-04-13 22:17:00
188,2018-04-14 06:15:00,1.2765263157894742,2018-04-14 06:15:00
189,2018-04-14 06:16:00,1.3036190476190477,2018-04-14 06:16:00
190,2018-04-14 06:17:00,1.17775,2018-04-14 06:17:00
191,2018-04-14 14:15:00,1.3145200000000004,2018-04-14 14:15:00
192,2018-04-14 14:16:00,1.2309999999999999,2018-04-14 14:16:00
193,2018-04-14 22:15:00,1.27888,2018-04-14 22:15:00
194,2018-04-14 22:16:00,1.2190434782608697,2018-04-14 22:16:00
195,2018-04-15 06:15:00,1.3438749999999997,2018-04-15 06:15:00
196,2018-04-15 06:16:00,1.28816,2018-04-15 06:16:00
197,2018-04-15 14:15:00,1.2714399999999997,2018-04-15 14:15:00
198,2018-04-15 14:16:00,1.21308,2018-04-15 14:16:00
199,2018-04-15 22:15:00,1.3015882352941175,2018-04-15 22:15:00
200,2018-04-15 22:16:00,1.3080909090909092,2018-04-15 22:16:00
201,2018-04-15 22:17:00,1.1726,2018-04-15 22:17:00
202,2018-04-16 06:16:00,1.2382000000000002,2018-04-16 06:16:00
203,2018-04-16 06:17:00,1.2546956521739132,2018-04-16 06:17:00
204,2018-04-16 06:18:00,1.17975,2018-04-16 06:18:00
206,2018-04-16 17:01:00,1.1668181818181818,2018-04-16 17:01:00
207,2018-04-16 17:02:00,1.1877647058823528,2018-04-16 17:02:00
210,2018-04-16 17:30:00,1.1972727272727273,2018-04-16 17:30:00
211,2018-04-16 17:57:00,1.2371578947368422,2018-04-16 17:57:00
212,2018-04-16 17:58:00,1.2365909090909093,2018-04-16 17:58:00
213,2018-04-16 17:59:00,1.1505,2018-04-16 17:59:00
214,2018-04-16 22:15:00,1.2225,2018-04-16 22:15:00
215,2018-04-16 22:16:00,1.2502,2018-04-16 22:16:00
216,2018-04-16 22:17:00,1.1538749999999998,2018-04-16 22:17:00
217,2018-04-16 22:50:00,1.2501304347826088,2018-04-16 22:50:00
218,2018-04-16 22:51:00,1.227,2018-04-16 22:51:00
219,2018-04-17 06:15:00,1.2108125000000003,2018-04-17 06:15:00
220,2018-04-17 06:16:00,1.3318333333333336,2018-04-17 06:16:00
221,2018-04-17 06:17:00,1.1977777777777776,2018-04-17 06:17:00
222,2018-04-17 06:22:00,1.2496666666666665,2018-04-17 06:22:00
223,2018-04-17 06:23:00,1.3161666666666665,2018-04-17 06:23:00
224,2018-04-17 06:24:00,1.172857142857143,2018-04-17 06:24:00
225,2018-04-17 06:38:00,1.2338823529411769,2018-04-17 06:38:00
226,2018-04-17 06:39:00,1.3422,2018-04-17 06:39:00
227,2018-04-17 06:40:00,1.1955,2018-04-17 06:40:00
228,2018-04-17 11:35:00,1.2198571428571432,2018-04-17 11:35:00
229,2018-04-17 11:36:00,1.3183636363636362,2018-04-17 11:36:00
230,2018-04-17 11:37:00,1.2936,2018-04-17 11:37:00
231,2018-04-17 14:16:00,1.2888000000000002,2018-04-17 14:16:00
232,2018-04-17 14:17:00,1.3176800000000002,2018-04-17 14:17:00
233,2018-04-17 22:15:00,1.2329285714285714,2018-04-17 22:15:00
234,2018-04-17 22:16:00,1.29064,2018-04-17 22:16:00
235,2018-04-17 22:17:00,1.1918000000000002,2018-04-17 22:17:00
236,2018-04-18 06:16:00,1.2573750000000004,2018-04-18 06:16:00
237,2018-04-18 06:17:00,1.3082083333333332,2018-04-18 06:17:00
238,2018-04-18 14:15:00,1.1979090909090908,2018-04-18 14:15:00
239,2018-04-18 14:16:00,1.2435454545454545,2018-04-18 14:16:00
240,2018-04-18 14:17:00,1.2191764705882355,2018-04-18 14:17:00
241,2018-04-18 15:03:00,1.2440869565217392,2018-04-18 15:03:00
242,2018-04-18 15:04:00,1.2747916666666663,2018-04-18 15:04:00
243,2018-04-18 15:05:00,1.1945,2018-04-18 15:05:00
244,2018-04-18 22:17:00,1.2617600000000002,2018-04-18 22:17:00
245,2018-04-18 22:18:00,1.2077916666666664,2018-04-18 22:18:00
246,2018-04-19 06:15:00,1.2205,2018-04-19 06:15:00
247,2018-04-19 06:16:00,1.265272727272727,2018-04-19 06:16:00
248,2018-04-19 06:17:00,1.18775,2018-04-19 06:17:00
249,2018-04-19 17:34:00,2.195210526315789,2018-04-19 17:34:00
250,2018-04-19 17:35:00,2.742454545454545,2018-04-19 17:35:00
251,2018-04-19 17:36:00,2.67,2018-04-19 17:36:00
252,2018-04-19 22:15:00,2.5668461538461544,2018-04-19 22:15:00
253,2018-04-19 22:16:00,2.686818181818182,2018-04-19 22:16:00
254,2018-04-19 22:17:00,2.6757857142857135,2018-04-19 22:17:00
255,2018-04-20 06:15:00,2.575857142857142,2018-04-20 06:15:00
256,2018-04-20 06:16:00,2.7430000000000003,2018-04-20 06:16:00
257,2018-04-20 06:17:00,2.7083571428571434,2018-04-20 06:17:00
258,2018-04-20 11:50:00,2.660173913043478,2018-04-20 11:50:00
259,2018-04-20 11:51:00,2.738826086956521,2018-04-20 11:51:00
260,2018-04-20 11:52:00,2.66875,2018-04-20 11:52:00
261,2018-04-23 13:15:00,2.797625,2018-04-23 13:15:00
262,2018-04-23 13:16:00,2.8036000000000003,2018-04-23 13:16:00
263,2018-04-23 13:40:00,2.6847368421052633,2018-04-23 13:40:00
265,2018-04-23 13:42:00,2.7390000000000003,2018-04-23 13:42:00
266,2018-04-23 14:26:00,2.702125,2018-04-23 14:26:00
267,2018-04-23 14:27:00,2.80492,2018-04-23 14:27:00
268,2018-04-23 22:15:00,2.6888,2018-04-23 22:15:00
269,2018-04-23 22:16:00,2.805,2018-04-23 22:16:00
270,2018-04-23 22:17:00,2.6671764705882355,2018-04-23 22:17:00
271,2018-04-23 23:13:00,2.627375,2018-04-23 23:13:00
272,2018-04-23 23:14:00,2.7320799999999985,2018-04-23 23:14:00
273,2018-04-24 06:15:00,2.6062000000000003,2018-04-24 06:15:00
274,2018-04-24 06:16:00,2.7513181818181818,2018-04-24 06:16:00
275,2018-04-24 06:17:00,2.7254444444444443,2018-04-24 06:17:00
276,2018-04-24 06:50:00,2.639,2018-04-24 06:50:00
277,2018-04-24 06:51:00,2.6540869565217395,2018-04-24 06:51:00
278,2018-04-24 06:52:00,2.6460909090909093,2018-04-24 06:52:00
279,2018-04-24 14:16:00,2.519,2018-04-24 14:16:00
280,2018-04-24 14:17:00,2.649736842105263,2018-04-24 14:17:00
282,2018-04-24 22:15:00,2.644,2018-04-24 22:15:00
283,2018-04-24 22:16:00,2.707,2018-04-24 22:16:00
285,2018-04-24 23:10:00,2.645833333333333,2018-04-24 23:10:00
286,2018-04-24 23:11:00,2.745,2018-04-24 23:11:00
287,2018-04-24 23:12:00,2.7326666666666664,2018-04-24 23:12:00
288,2018-04-25 06:15:00,2.625800000000001,2018-04-25 06:15:00
289,2018-04-25 06:16:00,2.7814761904761904,2018-04-25 06:16:00
290,2018-04-25 06:17:00,2.6835,2018-04-25 06:17:00
291,2018-04-25 14:15:00,2.631,2018-04-25 14:15:00
292,2018-04-25 14:16:00,2.700904761904761,2018-04-25 14:16:00
293,2018-04-25 14:17:00,2.694,2018-04-25 14:17:00
294,2018-04-25 22:15:00,2.606625,2018-04-25 22:15:00
295,2018-04-25 22:16:00,2.713083333333333,2018-04-25 22:16:00
296,2018-04-25 22:17:00,2.7289411764705886,2018-04-25 22:17:00
297,2018-04-25 22:28:00,2.7206190476190484,2018-04-25 22:28:00
298,2018-04-25 22:29:00,2.7482727272727274,2018-04-25 22:29:00
299,2018-04-25 22:30:00,2.6338571428571425,2018-04-25 22:30:00
300,2018-04-25 22:54:00,2.645833333333333,2018-04-25 22:54:00
301,2018-04-25 22:55:00,2.709181818181818,2018-04-25 22:55:00
302,2018-04-25 22:56:00,2.7069000000000005,2018-04-25 22:56:00
303,2018-04-26 06:15:00,2.62625,2018-04-26 06:15:00
304,2018-04-26 06:16:00,2.678681818181819,2018-04-26 06:16:00
305,2018-04-26 06:17:00,2.685875,2018-04-26 06:17:00
306,2018-04-26 14:56:00,2.6655600000000006,2018-04-26 14:56:00
307,2018-04-26 14:57:00,2.7465416666666664,2018-04-26 14:57:00
308,2018-04-26 22:15:00,2.678142857142857,2018-04-26 22:15:00
309,2018-04-26 22:16:00,2.7303636363636357,2018-04-26 22:16:00
310,2018-04-26 22:17:00,2.659368421052632,2018-04-26 22:17:00
311,2018-04-27 06:15:00,2.648375,2018-04-27 06:15:00
312,2018-04-27 06:16:00,2.74565,2018-04-27 06:16:00
313,2018-04-27 06:17:00,2.7379,2018-04-27 06:17:00
314,2018-04-27 14:16:00,2.6419599999999996,2018-04-27 14:16:00
315,2018-04-27 14:17:00,2.645,2018-04-27 14:17:00
316,2018-04-27 22:15:00,2.5752857142857137,2018-04-27 22:15:00
317,2018-04-27 22:16:00,2.68865,2018-04-27 22:16:00
318,2018-04-27 22:17:00,2.70145,2018-04-27 22:17:00
319,2018-04-28 06:15:00,2.5963333333333334,2018-04-28 06:15:00
320,2018-04-28 06:16:00,2.6687727272727275,2018-04-28 06:16:00
321,2018-04-28 06:17:00,2.7571428571428567,2018-04-28 06:17:00
322,2018-04-28 14:15:00,2.5989999999999998,2018-04-28 14:15:00
323,2018-04-28 14:16:00,2.713782608695652,2018-04-28 14:16:00
324,2018-04-28 14:17:00,2.7533157894736835,2018-04-28 14:17:00
325,2018-04-29 22:17:00,2.7119411764705883,2018-04-29 22:17:00
326,2018-04-29 22:18:00,2.804761904761905,2018-04-29 22:18:00
327,2018-04-29 22:19:00,2.6688888888888886,2018-04-29 22:19:00
328,2018-04-30 06:15:00,2.6010000000000004,2018-04-30 06:15:00
329,2018-04-30 06:16:00,2.643130434782609,2018-04-30 06:16:00
330,2018-04-30 06:17:00,2.7580476190476193,2018-04-30 06:17:00
331,2018-04-30 14:16:00,2.578714285714286,2018-04-30 14:16:00
332,2018-04-30 14:17:00,2.6852608695652176,2018-04-30 14:17:00
333,2018-04-30 14:18:00,2.7868823529411766,2018-04-30 14:18:00
334,2018-04-30 22:15:00,2.74725,2018-04-30 22:15:00
335,2018-04-30 22:16:00,2.725190476190476,2018-04-30 22:16:00
336,2018-04-30 22:17:00,2.6659090909090906,2018-04-30 22:17:00
337,2018-05-01 06:15:00,2.59925,2018-05-01 06:15:00
338,2018-05-01 06:16:00,2.6249047619047623,2018-05-01 06:16:00
339,2018-05-01 06:17:00,2.7143043478260878,2018-05-01 06:17:00
340,2018-05-01 14:15:00,2.7005000000000003,2018-05-01 14:15:00
341,2018-05-01 14:16:00,2.7991363636363644,2018-05-01 14:16:00
342,2018-05-01 14:17:00,2.636642857142857,2018-05-01 14:17:00
343,2018-05-01 22:15:00,2.6600769230769226,2018-05-01 22:15:00
344,2018-05-01 22:16:00,2.7616190476190474,2018-05-01 22:16:00
345,2018-05-01 22:17:00,2.6485,2018-05-01 22:17:00
346,2018-05-02 06:16:00,2.541,2018-05-02 06:16:00
347,2018-05-02 06:17:00,2.622666666666666,2018-05-02 06:17:00
348,2018-05-02 06:18:00,2.748,2018-05-02 06:18:00
349,2018-05-02 14:17:00,2.6010000000000004,2018-05-02 14:17:00
350,2018-05-02 14:18:00,2.6823750000000004,2018-05-02 14:18:00
351,2018-05-02 22:18:00,2.6886,2018-05-02 22:18:00
352,2018-05-02 22:19:00,2.697541666666666,2018-05-02 22:19:00
353,2018-05-02 22:29:00,2.5766666666666667,2018-05-02 22:29:00
354,2018-05-02 22:30:00,2.6955909090909085,2018-05-02 22:30:00
355,2018-05-02 22:31:00,2.645555555555555,2018-05-02 22:31:00
356,2018-05-03 06:15:00,2.6580000000000004,2018-05-03 06:15:00
357,2018-05-03 06:16:00,2.7051304347826086,2018-05-03 06:16:00
358,2018-05-03 06:17:00,2.783041666666667,2018-05-03 06:17:00
359,2018-05-03 07:13:00,2.7093125000000007,2018-05-03 07:13:00
361,2018-05-03 07:15:00,2.6969000000000003,2018-05-03 07:15:00
362,2018-05-03 14:17:00,2.659333333333333,2018-05-03 14:17:00
363,2018-05-03 14:18:00,2.665,2018-05-03 14:18:00
364,2018-05-03 14:19:00,2.775181818181818,2018-05-03 14:19:00
365,2018-05-03 22:15:00,2.607,2018-05-03 22:15:00
366,2018-05-03 22:16:00,2.7234583333333338,2018-05-03 22:16:00
367,2018-05-03 22:17:00,2.797625,2018-05-03 22:17:00
368,2018-05-04 06:15:00,2.7510000000000003,2018-05-04 06:15:00
369,2018-05-04 06:16:00,2.673782608695652,2018-05-04 06:16:00
370,2018-05-04 06:17:00,2.7533600000000003,2018-05-04 06:17:00
371,2018-05-04 14:15:00,2.655,2018-05-04 14:15:00
372,2018-05-04 14:16:00,2.576047619047619,2018-05-04 14:16:00
373,2018-05-04 14:17:00,2.713,2018-05-04 14:17:00
374,2018-05-04 22:16:00,2.7097599999999997,2018-05-04 22:16:00
375,2018-05-04 22:17:00,2.7006,2018-05-04 22:17:00
376,2018-05-05 06:15:00,2.571818181818182,2018-05-05 06:15:00
377,2018-05-05 06:16:00,2.655272727272727,2018-05-05 06:16:00
378,2018-05-05 06:17:00,2.6791764705882346,2018-05-05 06:17:00
379,2018-05-05 14:16:00,2.6308333333333334,2018-05-05 14:16:00
380,2018-05-05 14:17:00,2.7497272727272732,2018-05-05 14:17:00
381,2018-05-05 14:18:00,2.653555555555556,2018-05-05 14:18:00
382,2018-05-05 22:15:00,2.6484444444444444,2018-05-05 22:15:00
383,2018-05-05 22:16:00,2.763130434782609,2018-05-05 22:16:00
384,2018-05-05 22:17:00,2.65635294117647,2018-05-05 22:17:00
385,2018-05-06 06:15:00,2.5639999999999996,2018-05-06 06:15:00
386,2018-05-06 06:16:00,2.6712727272727266,2018-05-06 06:16:00
387,2018-05-06 06:17:00,2.6865294117647056,2018-05-06 06:17:00
388,2018-05-06 14:15:00,2.5603,2018-05-06 14:15:00
389,2018-05-06 14:16:00,2.741318181818181,2018-05-06 14:16:00
390,2018-05-06 14:17:00,2.714941176470588,2018-05-06 14:17:00
391,2018-05-06 22:16:00,2.6927916666666665,2018-05-06 22:16:00
392,2018-05-06 22:17:00,2.73748,2018-05-06 22:17:00
397,2018-05-07 14:18:00,2.7003,2018-05-07 14:18:00
398,2018-05-08 06:16:00,2.710260869565218,2018-05-08 06:16:00
399,2018-05-08 06:17:00,2.7851600000000007,2018-05-08 06:17:00
400,2018-05-08 14:18:00,2.5248,2018-05-08 14:18:00
401,2018-05-08 14:19:00,2.5975454545454544,2018-05-08 14:19:00
402,2018-05-08 14:20:00,2.7209565217391303,2018-05-08 14:20:00
403,2018-05-08 14:53:00,2.580875,2018-05-08 14:53:00
404,2018-05-08 14:54:00,2.7538,2018-05-08 14:54:00
405,2018-05-08 22:16:00,2.6765600000000007,2018-05-08 22:16:00
406,2018-05-08 22:17:00,2.766833333333333,2018-05-08 22:17:00
407,2018-05-09 06:16:00,2.7149565217391305,2018-05-09 06:16:00
408,2018-05-09 06:17:00,2.70256,2018-05-09 06:17:00
409,2018-05-09 14:26:00,2.6389,2018-05-09 14:26:00
410,2018-05-09 14:27:00,2.7028750000000006,2018-05-09 14:27:00
411,2018-05-09 14:28:00,2.7119333333333344,2018-05-09 14:28:00
412,2018-05-09 22:16:00,2.609625,2018-05-09 22:16:00
413,2018-05-09 22:17:00,2.70588,2018-05-09 22:17:00
414,2018-05-10 06:15:00,2.705285714285714,2018-05-10 06:15:00
415,2018-05-10 06:16:00,2.7338571428571434,2018-05-10 06:16:00
416,2018-05-10 06:17:00,2.70475,2018-05-10 06:17:00
417,2018-05-10 14:15:00,2.666833333333333,2018-05-10 14:15:00
418,2018-05-10 14:16:00,2.7211363636363632,2018-05-10 14:16:00
419,2018-05-10 14:17:00,2.7420454545454547,2018-05-10 14:17:00
420,2018-05-10 22:15:00,2.6323333333333334,2018-05-10 22:15:00
421,2018-05-10 22:16:00,2.686681818181818,2018-05-10 22:16:00
422,2018-05-10 22:17:00,2.7619545454545458,2018-05-10 22:17:00
423,2018-05-11 06:16:00,2.7322800000000003,2018-05-11 06:16:00
424,2018-05-11 06:17:00,2.7765599999999995,2018-05-11 06:17:00
425,2018-05-11 14:17:00,2.7260416666666667,2018-05-11 14:17:00
426,2018-05-11 14:18:00,2.7360399999999987,2018-05-11 14:18:00
427,2018-05-11 14:43:00,2.65075,2018-05-11 14:43:00
428,2018-05-11 14:44:00,2.7012727272727277,2018-05-11 14:44:00
429,2018-05-11 14:45:00,2.720521739130435,2018-05-11 14:45:00
430,2018-05-11 22:16:00,2.6911666666666667,2018-05-11 22:16:00
431,2018-05-11 22:17:00,2.7624400000000002,2018-05-11 22:17:00
432,2018-05-12 06:16:00,2.6196956521739136,2018-05-12 06:16:00
433,2018-05-12 06:17:00,2.71368,2018-05-12 06:17:00
434,2018-05-12 06:34:00,2.67488,2018-05-12 06:34:00
435,2018-05-12 06:35:00,2.71775,2018-05-12 06:35:00
436,2018-05-12 06:36:00,2.6006666666666667,2018-05-12 06:36:00
437,2018-05-12 14:17:00,2.6121111111111106,2018-05-12 14:17:00
438,2018-05-12 14:18:00,2.763,2018-05-12 14:18:00
439,2018-05-12 14:19:00,2.6539,2018-05-12 14:19:00
440,2018-05-12 22:15:00,2.661666666666666,2018-05-12 22:15:00
441,2018-05-12 22:16:00,2.6936363636363634,2018-05-12 22:16:00
442,2018-05-12 22:17:00,2.7535416666666666,2018-05-12 22:17:00
443,2018-05-13 06:15:00,2.6295,2018-05-13 06:15:00
444,2018-05-13 06:16:00,2.667636363636363,2018-05-13 06:16:00
445,2018-05-13 06:17:00,2.736333333333334,2018-05-13 06:17:00
446,2018-05-13 14:15:00,2.61525,2018-05-13 14:15:00
447,2018-05-13 14:16:00,2.621590909090909,2018-05-13 14:16:00
448,2018-05-13 14:17:00,2.721833333333333,2018-05-13 14:17:00
449,2018-05-13 22:15:00,2.677,2018-05-13 22:15:00
450,2018-05-13 22:16:00,2.7450952380952383,2018-05-13 22:16:00
451,2018-05-13 22:17:00,2.75552,2018-05-13 22:17:00
452,2018-05-14 06:16:00,2.7422083333333336,2018-05-14 06:16:00
453,2018-05-14 06:17:00,2.7045833333333333,2018-05-14 06:17:00
454,2018-05-14 07:10:00,2.6442400000000004,2018-05-14 07:10:00
455,2018-05-14 07:11:00,2.733782608695652,2018-05-14 07:11:00
456,2018-05-14 07:12:00,2.6180000000000003,2018-05-14 07:12:00
457,2018-05-14 14:16:00,2.6072727272727274,2018-05-14 14:16:00
458,2018-05-14 14:17:00,2.730454545454545,2018-05-14 14:17:00
459,2018-05-14 14:18:00,2.6445625000000006,2018-05-14 14:18:00
460,2018-05-14 15:03:00,2.600916666666667,2018-05-14 15:03:00
461,2018-05-14 15:04:00,2.670458333333334,2018-05-14 15:04:00
462,2018-05-14 15:05:00,2.564,2018-05-14 15:05:00
463,2018-05-14 23:06:00,2.5505,2018-05-14 23:06:00
464,2018-05-14 23:07:00,2.6560869565217398,2018-05-14 23:07:00
465,2018-05-14 23:08:00,2.76,2018-05-14 23:08:00
466,2018-05-15 06:16:00,2.6202500000000004,2018-05-15 06:16:00
467,2018-05-15 06:17:00,2.7157500000000003,2018-05-15 06:17:00
468,2018-05-15 06:30:00,2.68896,2018-05-15 06:30:00
469,2018-05-15 06:31:00,2.7558,2018-05-15 06:31:00
470,2018-05-15 14:19:00,2.5986086956521737,2018-05-15 14:19:00
471,2018-05-15 14:20:00,2.720600000000001,2018-05-15 14:20:00
472,2018-05-15 22:16:00,2.6263333333333336,2018-05-15 22:16:00
473,2018-05-15 22:17:00,2.74368,2018-05-15 22:17:00
474,2018-05-16 06:16:00,2.74624,2018-05-16 06:16:00
475,2018-05-16 06:17:00,2.7089130434782605,2018-05-16 06:17:00
476,2018-05-16 07:11:00,2.549125,2018-05-16 07:11:00
477,2018-05-16 07:12:00,2.700217391304348,2018-05-16 07:12:00
478,2018-05-16 07:13:00,2.767764705882353,2018-05-16 07:13:00
479,2018-05-16 14:17:00,2.625,2018-05-16 14:17:00
480,2018-05-16 14:18:00,2.6945833333333336,2018-05-16 14:18:00
481,2018-05-16 14:19:00,2.659272727272727,2018-05-16 14:19:00
482,2018-05-16 14:40:00,2.56,2018-05-16 14:40:00
483,2018-05-16 14:41:00,2.721291666666666,2018-05-16 14:41:00
484,2018-05-16 14:42:00,2.671533333333333,2018-05-16 14:42:00
485,2018-05-16 22:16:00,2.7227083333333333,2018-05-16 22:16:00
486,2018-05-16 22:17:00,2.634590909090909,2018-05-16 22:17:00
487,2018-05-17 06:16:00,2.6578000000000004,2018-05-17 06:16:00
488,2018-05-17 06:17:00,2.6441200000000005,2018-05-17 06:17:00
489,2018-05-17 07:08:00,2.558888888888889,2018-05-17 07:08:00
490,2018-05-17 07:09:00,2.669652173913044,2018-05-17 07:09:00
491,2018-05-17 07:10:00,2.6594444444444445,2018-05-17 07:10:00
492,2018-05-17 14:19:00,2.6505416666666664,2018-05-17 14:19:00
493,2018-05-17 14:20:00,2.7324,2018-05-17 14:20:00
494,2018-05-17 14:21:00,2.6475,2018-05-17 14:21:00
495,2018-05-17 15:06:00,2.6566666666666667,2018-05-17 15:06:00
496,2018-05-17 15:07:00,2.7154400000000005,2018-05-17 15:07:00
497,2018-05-17 22:16:00,2.676,2018-05-17 22:16:00
498,2018-05-17 22:17:00,2.7310000000000003,2018-05-17 22:17:00
499,2018-05-18 06:16:00,2.61072,2018-05-18 06:16:00
500,2018-05-18 06:17:00,2.7379166666666666,2018-05-18 06:17:00
501,2018-05-18 14:17:00,2.6640769230769235,2018-05-18 14:17:00
502,2018-05-18 14:18:00,2.7071363636363643,2018-05-18 14:18:00
503,2018-05-18 14:19:00,2.6575,2018-05-18 14:19:00
504,2018-05-18 14:32:00,2.5758888888888887,2018-05-18 14:32:00
505,2018-05-18 14:33:00,2.6816818181818176,2018-05-18 14:33:00
506,2018-05-18 14:34:00,2.50875,2018-05-18 14:34:00
507,2018-05-18 22:16:00,2.5865555555555564,2018-05-18 22:16:00
508,2018-05-18 22:17:00,2.7680909090909096,2018-05-18 22:17:00
509,2018-05-18 22:18:00,2.635625,2018-05-18 22:18:00
510,2018-05-19 06:16:00,2.62468,2018-05-19 06:16:00
511,2018-05-19 06:17:00,2.6952000000000003,2018-05-19 06:17:00
512,2018-05-19 14:16:00,2.5765199999999995,2018-05-19 14:16:00
513,2018-05-19 14:17:00,2.685666666666666,2018-05-19 14:17:00
514,2018-05-19 22:16:00,2.7090416666666663,2018-05-19 22:16:00
515,2018-05-19 22:17:00,2.69375,2018-05-19 22:17:00
516,2018-05-20 06:16:00,2.573583333333333,2018-05-20 06:16:00
517,2018-05-20 06:17:00,2.6728333333333336,2018-05-20 06:17:00
518,2018-05-20 14:16:00,2.528,2018-05-20 14:16:00
519,2018-05-20 14:17:00,2.751333333333333,2018-05-20 14:17:00
520,2018-05-20 22:16:00,2.6322400000000004,2018-05-20 22:16:00
521,2018-05-20 22:17:00,2.69804,2018-05-20 22:17:00
522,2018-05-21 06:16:00,2.667958333333333,2018-05-21 06:16:00
523,2018-05-21 06:17:00,2.688416666666667,2018-05-21 06:17:00
524,2018-05-21 14:16:00,2.5646400000000003,2018-05-21 14:16:00
525,2018-05-21 14:17:00,2.7360400000000005,2018-05-21 14:17:00
526,2018-05-21 22:16:00,2.5912000000000006,2018-05-21 22:16:00
527,2018-05-21 22:17:00,2.7126399999999995,2018-05-21 22:17:00
528,2018-05-22 06:16:00,2.71788,2018-05-22 06:16:00
529,2018-05-22 06:17:00,2.78048,2018-05-22 06:17:00
530,2018-05-22 14:16:00,2.607666666666667,2018-05-22 14:16:00
531,2018-05-22 14:17:00,2.542695652173913,2018-05-22 14:17:00
532,2018-05-22 14:18:00,2.6541739130434783,2018-05-22 14:18:00
533,2018-05-22 22:17:00,2.56,2018-05-22 22:17:00
534,2018-05-22 22:18:00,2.648333333333333,2018-05-22 22:18:00
535,2018-05-22 22:19:00,2.708,2018-05-22 22:19:00
536,2018-05-23 06:16:00,2.5693478260869567,2018-05-23 06:16:00
537,2018-05-23 06:17:00,2.7302083333333336,2018-05-23 06:17:00
538,2018-05-23 06:18:00,2.603,2018-05-23 06:18:00
540,2018-05-23 14:17:00,2.3036250000000003,2018-05-23 14:17:00
541,2018-05-23 14:18:00,2.650950000000001,2018-05-23 14:18:00
542,2018-05-23 22:16:00,2.5916,2018-05-23 22:16:00
543,2018-05-23 22:17:00,2.6697727272727274,2018-05-23 22:17:00
544,2018-05-23 22:18:00,2.6625625,2018-05-23 22:18:00
545,2018-05-24 06:16:00,2.595652173913044,2018-05-24 06:16:00
546,2018-05-24 06:17:00,2.7024090909090908,2018-05-24 06:17:00
547,2018-05-24 06:18:00,2.6060000000000003,2018-05-24 06:18:00
548,2018-05-24 06:55:00,2.7187083333333337,2018-05-24 06:55:00
549,2018-05-24 06:56:00,2.666375,2018-05-24 06:56:00
550,2018-05-24 14:16:00,2.587,2018-05-24 14:16:00
551,2018-05-24 14:17:00,2.6347826086956525,2018-05-24 14:17:00
552,2018-05-24 14:18:00,2.6947826086956517,2018-05-24 14:18:00
553,2018-05-24 22:16:00,2.6562916666666667,2018-05-24 22:16:00
554,2018-05-24 22:17:00,2.6433478260869565,2018-05-24 22:17:00
555,2018-05-24 22:18:00,2.56,2018-05-24 22:18:00
556,2018-05-25 06:16:00,2.657,2018-05-25 06:16:00
557,2018-05-25 06:17:00,2.6338695652173922,2018-05-25 06:17:00
558,2018-05-25 06:18:00,2.5380000000000003,2018-05-25 06:18:00
559,2018-05-25 14:18:00,2.552,2018-05-25 14:18:00
560,2018-05-25 14:19:00,2.6585,2018-05-25 14:19:00
561,2018-05-25 14:20:00,2.654708333333333,2018-05-25 14:20:00
562,2018-05-25 22:16:00,2.6289200000000004,2018-05-25 22:16:00
563,2018-05-25 22:17:00,2.681454545454545,2018-05-25 22:17:00
564,2018-05-25 22:18:00,2.542666666666667,2018-05-25 22:18:00
565,2018-05-26 06:16:00,2.61792,2018-05-26 06:16:00
566,2018-05-26 06:17:00,2.71972,2018-05-26 06:17:00
567,2018-05-26 14:16:00,2.7075416666666663,2018-05-26 14:16:00
568,2018-05-26 14:17:00,2.7450399999999995,2018-05-26 14:17:00
569,2018-05-26 22:16:00,2.6689583333333338,2018-05-26 22:16:00
570,2018-05-26 22:17:00,2.6396,2018-05-26 22:17:00
571,2018-05-27 06:16:00,2.6038,2018-05-27 06:16:00
572,2018-05-27 06:17:00,2.68012,2018-05-27 06:17:00
573,2018-05-27 14:16:00,2.6774166666666663,2018-05-27 14:16:00
574,2018-05-27 14:17:00,2.7094,2018-05-27 14:17:00
575,2018-05-27 22:16:00,2.68388,2018-05-27 22:16:00
576,2018-05-27 22:17:00,2.63412,2018-05-27 22:17:00
577,2018-05-28 06:16:00,2.694227272727273,2018-05-28 06:16:00
578,2018-05-28 06:17:00,2.752695652173913,2018-05-28 06:17:00
579,2018-05-28 06:18:00,2.6784000000000003,2018-05-28 06:18:00
580,2018-05-28 14:17:00,2.665833333333333,2018-05-28 14:17:00
581,2018-05-28 14:18:00,2.6901666666666664,2018-05-28 14:18:00
582,2018-05-28 14:19:00,2.605166666666666,2018-05-28 14:19:00
583,2018-05-28 14:56:00,2.5895,2018-05-28 14:56:00
584,2018-05-28 14:57:00,2.649318181818181,2018-05-28 14:57:00
585,2018-05-28 14:58:00,2.5058,2018-05-28 14:58:00
586,2018-05-28 22:16:00,2.546409090909091,2018-05-28 22:16:00
587,2018-05-28 22:17:00,2.685304347826087,2018-05-28 22:17:00
588,2018-05-28 22:18:00,2.5586,2018-05-28 22:18:00
589,2018-05-29 06:16:00,2.6218571428571438,2018-05-29 06:16:00
590,2018-05-29 06:17:00,2.6543043478260877,2018-05-29 06:17:00
591,2018-05-29 06:18:00,2.5592,2018-05-29 06:18:00
592,2018-05-29 14:16:00,2.520875,2018-05-29 14:16:00
593,2018-05-29 14:17:00,2.6593181818181817,2018-05-29 14:17:00
594,2018-05-29 14:18:00,2.5814444444444447,2018-05-29 14:18:00
595,2018-05-29 22:16:00,2.5192,2018-05-29 22:16:00
596,2018-05-29 22:17:00,2.683954545454545,2018-05-29 22:17:00
597,2018-05-29 22:18:00,2.561666666666667,2018-05-29 22:18:00
598,2018-05-29 22:26:00,2.529333333333333,2018-05-29 22:26:00
599,2018-05-29 22:27:00,2.564952380952381,2018-05-29 22:27:00
600,2018-05-29 22:28:00,2.633958333333333,2018-05-29 22:28:00
601,2018-05-29 22:55:00,2.6196,2018-05-29 22:55:00
602,2018-05-29 22:56:00,2.751304347826087,2018-05-29 22:56:00
603,2018-05-29 22:57:00,2.6088,2018-05-29 22:57:00
604,2018-05-30 06:18:00,2.5890555555555563,2018-05-30 06:18:00
605,2018-05-30 06:19:00,2.684681818181818,2018-05-30 06:19:00
606,2018-05-30 06:20:00,2.5760000000000005,2018-05-30 06:20:00
607,2018-05-30 14:17:00,2.65496,2018-05-30 14:17:00
608,2018-05-30 14:18:00,2.6952399999999987,2018-05-30 14:18:00
609,2018-05-30 15:02:00,2.5306999999999995,2018-05-30 15:02:00
610,2018-05-30 15:03:00,2.635434782608696,2018-05-30 15:03:00
611,2018-05-30 15:04:00,2.6110666666666664,2018-05-30 15:04:00
612,2018-05-30 22:16:00,2.635736842105264,2018-05-30 22:16:00
613,2018-05-30 22:17:00,2.7185833333333336,2018-05-30 22:17:00
614,2018-05-30 22:18:00,2.6653999999999995,2018-05-30 22:18:00
615,2018-05-31 06:16:00,2.634208333333334,2018-05-31 06:16:00
616,2018-05-31 06:17:00,2.67768,2018-05-31 06:17:00
617,2018-05-31 14:16:00,2.567458333333333,2018-05-31 14:16:00
618,2018-05-31 14:17:00,2.67964,2018-05-31 14:17:00
619,2018-05-31 22:17:00,2.63164,2018-05-31 22:17:00
620,2018-05-31 22:18:00,2.63268,2018-05-31 22:18:00
621,2018-06-01 06:16:00,2.5963888888888897,2018-06-01 06:16:00
622,2018-06-01 06:17:00,2.6570000000000005,2018-06-01 06:17:00
623,2018-06-01 06:18:00,2.5175,2018-06-01 06:18:00
624,2018-06-01 14:22:00,2.6057200000000003,2018-06-01 14:22:00
625,2018-06-01 14:23:00,2.63725,2018-06-01 14:23:00
626,2018-06-01 22:16:00,2.578055555555556,2018-06-01 22:16:00
627,2018-06-01 22:17:00,2.716809523809524,2018-06-01 22:17:00
628,2018-06-01 22:18:00,2.6477142857142857,2018-06-01 22:18:00
629,2018-06-02 06:16:00,2.575,2018-06-02 06:16:00
630,2018-06-02 06:17:00,2.6107391304347827,2018-06-02 06:17:00
631,2018-06-02 06:18:00,2.6659599999999997,2018-06-02 06:18:00
632,2018-06-02 06:37:00,2.68512,2018-06-02 06:37:00
633,2018-06-02 06:38:00,2.7538,2018-06-02 06:38:00
634,2018-06-02 14:16:00,2.51329411764706,2018-06-02 14:16:00
635,2018-06-02 14:17:00,2.652695652173913,2018-06-02 14:17:00
636,2018-06-02 14:18:00,2.5193,2018-06-02 14:18:00
637,2018-06-02 22:16:00,2.544764705882353,2018-06-02 22:16:00
638,2018-06-02 22:17:00,2.737565217391305,2018-06-02 22:17:00
639,2018-06-02 22:18:00,2.6819,2018-06-02 22:18:00
640,2018-06-03 06:16:00,2.6794799999999994,2018-06-03 06:16:00
641,2018-06-03 06:17:00,2.7002000000000006,2018-06-03 06:17:00
642,2018-06-03 14:16:00,2.64856,2018-06-03 14:16:00
643,2018-06-03 14:17:00,2.61492,2018-06-03 14:17:00
644,2018-06-03 22:16:00,2.5343750000000003,2018-06-03 22:16:00
645,2018-06-03 22:17:00,2.694500000000001,2018-06-03 22:17:00
646,2018-06-03 22:18:00,2.57,2018-06-03 22:18:00
647,2018-06-04 06:16:00,2.7226250000000003,2018-06-04 06:16:00
648,2018-06-04 06:17:00,2.7982500000000012,2018-06-04 06:17:00
649,2018-06-04 06:18:00,2.704,2018-06-04 06:18:00
650,2018-06-04 06:59:00,2.6682352941176473,2018-06-04 06:59:00
651,2018-06-04 07:00:00,2.7104090909090908,2018-06-04 07:00:00
652,2018-06-04 07:01:00,2.603,2018-06-04 07:01:00
653,2018-06-04 14:19:00,2.63572,2018-06-04 14:19:00
654,2018-06-04 14:20:00,2.732791666666667,2018-06-04 14:20:00
655,2018-06-04 22:53:00,2.61744,2018-06-04 22:53:00
656,2018-06-04 22:54:00,2.697666666666666,2018-06-04 22:54:00
657,2018-06-04 23:03:00,2.5316,2018-06-04 23:03:00
658,2018-06-04 23:04:00,2.711347826086957,2018-06-04 23:04:00
659,2018-06-04 23:05:00,2.57725,2018-06-04 23:05:00
660,2018-06-05 06:16:00,2.472466666666667,2018-06-05 06:16:00
661,2018-06-05 06:17:00,2.7124090909090905,2018-06-05 06:17:00
662,2018-06-05 06:18:00,2.715,2018-06-05 06:18:00
663,2018-06-05 14:17:00,2.5925,2018-06-05 14:17:00
664,2018-06-05 14:18:00,2.6960909090909095,2018-06-05 14:18:00
665,2018-06-05 14:19:00,2.615764705882353,2018-06-05 14:19:00
666,2018-06-05 14:40:00,2.629764705882353,2018-06-05 14:40:00
667,2018-06-05 14:41:00,2.734875,2018-06-05 14:41:00
668,2018-06-05 14:42:00,2.6,2018-06-05 14:42:00
669,2018-06-05 22:18:00,2.5777916666666667,2018-06-05 22:18:00
670,2018-06-05 22:19:00,2.647208333333333,2018-06-05 22:19:00
671,2018-06-06 06:16:00,2.5377142857142863,2018-06-06 06:16:00
672,2018-06-06 06:17:00,2.6981739130434783,2018-06-06 06:17:00
673,2018-06-06 06:18:00,2.5386923076923082,2018-06-06 06:18:00
674,2018-06-06 14:17:00,2.608791666666667,2018-06-06 14:17:00
675,2018-06-06 14:18:00,2.685541666666666,2018-06-06 14:18:00
676,2018-06-06 22:18:00,2.6419199999999994,2018-06-06 22:18:00
677,2018-06-06 22:19:00,2.61848,2018-06-06 22:19:00
678,2018-06-07 06:16:00,2.5883846153846153,2018-06-07 06:16:00
679,2018-06-07 06:17:00,2.7378636363636364,2018-06-07 06:17:00
680,2018-06-07 06:18:00,2.626000000000001,2018-06-07 06:18:00
681,2018-06-07 06:49:00,2.515538461538461,2018-06-07 06:49:00
682,2018-06-07 06:50:00,2.674227272727273,2018-06-07 06:50:00
683,2018-06-07 06:51:00,2.6409333333333334,2018-06-07 06:51:00
684,2018-06-07 07:15:00,2.59688,2018-06-07 07:15:00
685,2018-06-07 07:16:00,2.5645833333333328,2018-06-07 07:16:00
686,2018-06-07 14:20:00,2.6632083333333334,2018-06-07 14:20:00
687,2018-06-07 14:21:00,2.6878333333333337,2018-06-07 14:21:00
688,2018-06-07 14:22:00,2.593,2018-06-07 14:22:00
689,2018-06-07 22:16:00,2.5639999999999996,2018-06-07 22:16:00
690,2018-06-07 22:17:00,2.7024545454545454,2018-06-07 22:17:00
691,2018-06-07 22:18:00,2.651133333333333,2018-06-07 22:18:00
692,2018-06-08 06:16:00,2.6477500000000003,2018-06-08 06:16:00
694,2018-06-08 06:18:00,2.734769230769231,2018-06-08 06:18:00
695,2018-06-08 14:16:00,2.68525,2018-06-08 14:16:00
696,2018-06-08 14:17:00,2.720666666666667,2018-06-08 14:17:00
697,2018-06-08 14:18:00,2.6165,2018-06-08 14:18:00
698,2018-06-08 22:16:00,2.60625,2018-06-08 22:16:00
699,2018-06-08 22:17:00,2.7488636363636365,2018-06-08 22:17:00
700,2018-06-08 22:18:00,2.7009375,2018-06-08 22:18:00
701,2018-06-09 06:16:00,2.543,2018-06-09 06:16:00
702,2018-06-09 06:17:00,2.658695652173913,2018-06-09 06:17:00
703,2018-06-09 06:18:00,2.6198666666666663,2018-06-09 06:18:00
704,2018-06-09 14:16:00,2.572909090909091,2018-06-09 14:16:00
705,2018-06-09 14:17:00,2.694727272727273,2018-06-09 14:17:00
706,2018-06-09 14:18:00,2.601375,2018-06-09 14:18:00
707,2018-06-09 22:16:00,2.5834285714285716,2018-06-09 22:16:00
708,2018-06-09 22:17:00,2.722826086956522,2018-06-09 22:17:00
709,2018-06-09 22:18:00,2.5561666666666665,2018-06-09 22:18:00
710,2018-06-10 06:16:00,2.5712857142857137,2018-06-10 06:16:00
711,2018-06-10 06:17:00,2.7081428571428567,2018-06-10 06:17:00
712,2018-06-10 06:18:00,2.599428571428572,2018-06-10 06:18:00
713,2018-06-10 14:16:00,2.6603000000000003,2018-06-10 14:16:00
714,2018-06-10 14:17:00,2.7090909090909094,2018-06-10 14:17:00
715,2018-06-10 14:18:00,2.6084285714285715,2018-06-10 14:18:00
716,2018-06-10 22:16:00,2.6644499999999995,2018-06-10 22:16:00
717,2018-06-10 22:17:00,2.7549545454545457,2018-06-10 22:17:00
718,2018-06-10 22:18:00,2.6310000000000002,2018-06-10 22:18:00
719,2018-06-11 06:16:00,2.5987499999999994,2018-06-11 06:16:00
720,2018-06-11 06:17:00,2.6851304347826086,2018-06-11 06:17:00
721,2018-06-11 06:18:00,2.7417777777777776,2018-06-11 06:18:00
722,2018-06-11 14:18:00,2.6051818181818183,2018-06-11 14:18:00
723,2018-06-11 14:19:00,2.6176250000000003,2018-06-11 14:19:00
724,2018-06-11 14:20:00,2.594,2018-06-11 14:20:00
725,2018-06-11 14:50:00,2.544263157894737,2018-06-11 14:50:00
726,2018-06-11 14:51:00,2.6899200000000003,2018-06-11 14:51:00
727,2018-06-11 14:52:00,2.482166666666666,2018-06-11 14:52:00
728,2018-06-11 22:18:00,2.60124,2018-06-11 22:18:00
729,2018-06-11 22:19:00,2.71076,2018-06-11 22:19:00
730,2018-06-12 06:16:00,2.664857142857143,2018-06-12 06:16:00
731,2018-06-12 06:17:00,2.8056666666666668,2018-06-12 06:17:00
732,2018-06-12 06:18:00,2.6804117647058834,2018-06-12 06:18:00
733,2018-06-12 15:01:00,2.547230769230769,2018-06-12 15:01:00
734,2018-06-12 15:02:00,2.6220434782608697,2018-06-12 15:02:00
735,2018-06-12 15:03:00,2.490307692307693,2018-06-12 15:03:00
736,2018-06-12 22:50:00,2.4806,2018-06-12 22:50:00
737,2018-06-12 22:51:00,2.7054782608695653,2018-06-12 22:51:00
738,2018-06-12 22:52:00,2.648200000000001,2018-06-12 22:52:00
739,2018-06-13 06:16:00,2.546875,2018-06-13 06:16:00
740,2018-06-13 06:17:00,2.6640952380952383,2018-06-13 06:17:00
741,2018-06-13 06:18:00,2.75905,2018-06-13 06:18:00
742,2018-06-13 07:17:00,2.6510000000000002,2018-06-13 07:17:00
743,2018-06-13 07:18:00,2.70684,2018-06-13 07:18:00
744,2018-06-13 14:17:00,2.6391818181818185,2018-06-13 14:17:00
745,2018-06-13 14:18:00,2.6985833333333336,2018-06-13 14:18:00
746,2018-06-13 14:19:00,2.5635,2018-06-13 14:19:00
747,2018-06-13 22:18:00,2.526625000000001,2018-06-13 22:18:00
748,2018-06-13 22:19:00,2.684875,2018-06-13 22:19:00
749,2018-06-13 22:46:00,2.5375,2018-06-13 22:46:00
750,2018-06-13 22:47:00,2.6978695652173914,2018-06-13 22:47:00
751,2018-06-13 22:48:00,2.665142857142857,2018-06-13 22:48:00
752,2018-06-13 22:59:00,2.5830833333333327,2018-06-13 22:59:00
753,2018-06-13 23:00:00,2.620625,2018-06-13 23:00:00
754,2018-06-14 06:16:00,2.496714285714285,2018-06-14 06:16:00
755,2018-06-14 06:17:00,2.627708333333333,2018-06-14 06:17:00
756,2018-06-14 06:18:00,2.6481052631578947,2018-06-14 06:18:00
757,2018-06-14 14:17:00,2.5441599999999998,2018-06-14 14:17:00
758,2018-06-14 14:18:00,2.654159999999999,2018-06-14 14:18:00
759,2018-06-14 14:45:00,2.6060000000000003,2018-06-14 14:45:00
760,2018-06-14 14:46:00,2.7113750000000003,2018-06-14 14:46:00
761,2018-06-14 14:47:00,2.5658333333333334,2018-06-14 14:47:00
762,2018-06-14 22:16:00,2.5605,2018-06-14 22:16:00
763,2018-06-14 22:17:00,2.5669130434782605,2018-06-14 22:17:00
764,2018-06-14 22:18:00,2.637952380952381,2018-06-14 22:18:00
765,2018-06-15 06:16:00,2.4953333333333334,2018-06-15 06:16:00
766,2018-06-15 06:17:00,2.627428571428572,2018-06-15 06:17:00
767,2018-06-15 06:18:00,2.6825,2018-06-15 06:18:00
768,2018-06-15 14:17:00,2.612782608695652,2018-06-15 14:17:00
769,2018-06-15 14:18:00,2.7008750000000004,2018-06-15 14:18:00
770,2018-06-15 14:19:00,2.4935,2018-06-15 14:19:00
771,2018-06-15 15:00:00,2.5738235294117646,2018-06-15 15:00:00
772,2018-06-15 15:01:00,2.7640454545454536,2018-06-15 15:01:00
773,2018-06-15 15:02:00,2.6392222222222226,2018-06-15 15:02:00
774,2018-06-15 22:16:00,2.6206,2018-06-15 22:16:00
775,2018-06-15 22:17:00,2.7081249999999994,2018-06-15 22:17:00
776,2018-06-15 22:18:00,2.6646,2018-06-15 22:18:00
777,2018-06-15 22:44:00,2.5975714285714293,2018-06-15 22:44:00
778,2018-06-15 22:45:00,2.6635909090909102,2018-06-15 22:45:00
779,2018-06-15 22:46:00,2.5417499999999995,2018-06-15 22:46:00
780,2018-06-16 14:16:00,2.58875,2018-06-16 14:16:00
781,2018-06-16 14:17:00,2.678521739130435,2018-06-16 14:17:00
782,2018-06-16 14:18:00,2.672571428571429,2018-06-16 14:18:00
783,2018-06-16 22:16:00,2.6149333333333336,2018-06-16 22:16:00
784,2018-06-16 22:17:00,2.66665,2018-06-16 22:17:00
785,2018-06-16 22:18:00,2.5523846153846157,2018-06-16 22:18:00
786,2018-06-17 06:16:00,2.5477857142857148,2018-06-17 06:16:00
787,2018-06-17 06:17:00,2.7115652173913043,2018-06-17 06:17:00
788,2018-06-17 06:18:00,2.5980000000000003,2018-06-17 06:18:00
789,2018-06-17 14:16:00,2.568875,2018-06-17 14:16:00
790,2018-06-17 14:17:00,2.757090909090909,2018-06-17 14:17:00
791,2018-06-17 14:18:00,2.7213333333333334,2018-06-17 14:18:00
792,2018-06-17 22:16:00,2.6247333333333334,2018-06-17 22:16:00
793,2018-06-17 22:17:00,2.687952380952381,2018-06-17 22:17:00
794,2018-06-17 22:18:00,2.6023333333333327,2018-06-17 22:18:00
795,2018-06-18 06:16:00,2.5746,2018-06-18 06:16:00
796,2018-06-18 06:17:00,2.6841818181818184,2018-06-18 06:17:00
797,2018-06-18 06:18:00,2.5725,2018-06-18 06:18:00
798,2018-06-18 07:05:00,2.6345,2018-06-18 07:05:00
800,2018-06-18 07:07:00,2.75525,2018-06-18 07:07:00
801,2018-06-18 07:15:00,2.686333333333333,2018-06-18 07:15:00
802,2018-06-18 07:16:00,2.742869565217392,2018-06-18 07:16:00
803,2018-06-18 07:17:00,2.7260416666666667,2018-06-18 07:17:00
804,2018-06-18 14:16:00,2.5989999999999998,2018-06-18 14:16:00
805,2018-06-18 14:17:00,2.582913043478261,2018-06-18 14:17:00
806,2018-06-18 14:18:00,2.728695652173913,2018-06-18 14:18:00
807,2018-06-18 22:16:00,2.4419999999999997,2018-06-18 22:16:00
808,2018-06-18 22:17:00,2.5205652173913045,2018-06-18 22:17:00
809,2018-06-18 22:18:00,2.692375,2018-06-18 22:18:00
810,2018-06-18 23:06:00,2.6076363636363644,2018-06-18 23:06:00
811,2018-06-18 23:07:00,2.6572083333333336,2018-06-18 23:07:00
812,2018-06-19 06:17:00,2.6630869565217385,2018-06-19 06:17:00
813,2018-06-19 06:18:00,2.7327000000000004,2018-06-19 06:18:00
814,2018-06-19 06:19:00,2.52025,2018-06-19 06:19:00
815,2018-06-19 06:49:00,2.570470588235295,2018-06-19 06:49:00
816,2018-06-19 06:50:00,2.7275454545454543,2018-06-19 06:50:00
817,2018-06-19 06:51:00,2.5552,2018-06-19 06:51:00
818,2018-06-19 14:17:00,2.5080000000000005,2018-06-19 14:17:00
819,2018-06-19 14:18:00,2.679521739130435,2018-06-19 14:18:00
820,2018-06-19 14:19:00,2.6928181818181818,2018-06-19 14:19:00
821,2018-06-19 14:56:00,2.614333333333333,2018-06-19 14:56:00
822,2018-06-19 14:57:00,2.6192608695652173,2018-06-19 14:57:00
823,2018-06-19 14:58:00,2.663416666666667,2018-06-19 14:58:00
824,2018-06-19 22:17:00,2.5460000000000003,2018-06-19 22:17:00
825,2018-06-19 22:18:00,2.609826086956521,2018-06-19 22:18:00
826,2018-06-19 22:19:00,2.732904761904762,2018-06-19 22:19:00
827,2018-06-20 06:16:00,2.509,2018-06-20 06:16:00
828,2018-06-20 06:17:00,2.6162272727272726,2018-06-20 06:17:00
829,2018-06-20 06:18:00,2.7334,2018-06-20 06:18:00
830,2018-06-20 14:16:00,2.602,2018-06-20 14:16:00
831,2018-06-20 14:17:00,2.6328695652173915,2018-06-20 14:17:00
832,2018-06-20 14:18:00,2.64408,2018-06-20 14:18:00
833,2018-06-20 15:06:00,2.52175,2018-06-20 15:06:00
834,2018-06-20 15:07:00,2.6341250000000005,2018-06-20 15:07:00
835,2018-06-20 15:08:00,2.6667272727272717,2018-06-20 15:08:00
836,2018-06-20 22:16:00,2.522,2018-06-20 22:16:00
837,2018-06-20 22:17:00,2.5487826086956518,2018-06-20 22:17:00
838,2018-06-20 22:18:00,2.597958333333333,2018-06-20 22:18:00
839,2018-06-20 22:39:00,2.6189199999999992,2018-06-20 22:39:00
840,2018-06-20 22:40:00,2.65544,2018-06-20 22:40:00
841,2018-06-21 06:17:00,2.5841600000000007,2018-06-21 06:17:00
842,2018-06-21 06:18:00,2.65588,2018-06-21 06:18:00
843,2018-06-21 06:32:00,2.520642857142857,2018-06-21 06:32:00
844,2018-06-21 06:33:00,2.7178181818181817,2018-06-21 06:33:00
845,2018-06-21 06:34:00,2.6154285714285717,2018-06-21 06:34:00
846,2018-06-21 14:19:00,2.5315600000000003,2018-06-21 14:19:00
847,2018-06-21 14:20:00,2.69424,2018-06-21 14:20:00
848,2018-06-21 14:56:00,2.509285714285714,2018-06-21 14:56:00
849,2018-06-21 14:57:00,2.6256086956521743,2018-06-21 14:57:00
850,2018-06-21 14:58:00,2.6709473684210523,2018-06-21 14:58:00
851,2018-06-21 22:18:00,2.5316666666666667,2018-06-21 22:18:00
852,2018-06-21 22:19:00,2.5731818181818182,2018-06-21 22:19:00
853,2018-06-21 22:20:00,2.6474347826086966,2018-06-21 22:20:00
854,2018-06-22 06:17:00,2.5323333333333333,2018-06-22 06:17:00
855,2018-06-22 06:18:00,2.67196,2018-06-22 06:18:00
856,2018-06-22 14:17:00,2.61575,2018-06-22 14:17:00
857,2018-06-22 14:18:00,2.6432608695652173,2018-06-22 14:18:00
858,2018-06-22 14:19:00,2.6500869565217395,2018-06-22 14:19:00
859,2018-06-22 15:10:00,2.6231818181818185,2018-06-22 15:10:00
860,2018-06-22 15:11:00,2.73332,2018-06-22 15:11:00
861,2018-06-22 15:12:00,2.618615384615385,2018-06-22 15:12:00
862,2018-06-22 22:17:00,2.551545454545455,2018-06-22 22:17:00
863,2018-06-22 22:18:00,2.6280454545454544,2018-06-22 22:18:00
864,2018-06-22 22:19:00,2.4636,2018-06-22 22:19:00
865,2018-06-23 06:17:00,2.5824583333333333,2018-06-23 06:17:00
866,2018-06-23 06:18:00,2.58704,2018-06-23 06:18:00
867,2018-06-23 14:16:00,2.4581111111111107,2018-06-23 14:16:00
868,2018-06-23 14:17:00,2.560263157894737,2018-06-23 14:17:00
869,2018-06-23 14:18:00,2.6526842105263158,2018-06-23 14:18:00
871,2018-06-24 22:17:00,2.3265,2018-06-24 22:17:00
872,2018-06-24 22:18:00,2.572263157894737,2018-06-24 22:18:00
873,2018-06-25 06:16:00,2.531833333333333,2018-06-25 06:16:00
874,2018-06-25 06:17:00,2.6936363636363634,2018-06-25 06:17:00
875,2018-06-25 06:18:00,2.7269047619047617,2018-06-25 06:18:00
876,2018-06-25 07:09:00,2.571,2018-06-25 07:09:00
877,2018-06-25 07:10:00,2.6997142857142853,2018-06-25 07:10:00
878,2018-06-25 07:11:00,2.6636470588235297,2018-06-25 07:11:00
879,2018-06-25 14:18:00,2.6116,2018-06-25 14:18:00
880,2018-06-25 14:19:00,2.711958333333334,2018-06-25 14:19:00
881,2018-06-25 14:20:00,2.482,2018-06-25 14:20:00
882,2018-06-25 22:17:00,2.6006400000000003,2018-06-25 22:17:00
883,2018-06-25 22:18:00,2.622869565217392,2018-06-25 22:18:00
884,2018-06-26 06:17:00,2.6696400000000002,2018-06-26 06:17:00
885,2018-06-26 06:18:00,2.65476,2018-06-26 06:18:00
886,2018-06-26 06:56:00,2.6433181818181817,2018-06-26 06:56:00
887,2018-06-26 06:57:00,2.636590909090909,2018-06-26 06:57:00
888,2018-06-26 06:58:00,2.5245,2018-06-26 06:58:00
889,2018-06-26 14:18:00,2.5804400000000003,2018-06-26 14:18:00
890,2018-06-26 14:19:00,2.6296086956521734,2018-06-26 14:19:00
891,2018-06-26 15:07:00,2.5971666666666664,2018-06-26 15:07:00
892,2018-06-26 15:08:00,2.660650000000001,2018-06-26 15:08:00
893,2018-06-26 15:09:00,2.548266666666668,2018-06-26 15:09:00
894,2018-06-26 22:17:00,2.5476,2018-06-26 22:17:00
895,2018-06-26 22:18:00,2.5979999999999994,2018-06-26 22:18:00
896,2018-06-27 06:17:00,2.4938,2018-06-27 06:17:00
897,2018-06-27 06:18:00,2.610409090909091,2018-06-27 06:18:00
898,2018-06-27 06:19:00,2.602043478260869,2018-06-27 06:19:00
899,2018-06-27 14:18:00,2.62192,2018-06-27 14:18:00
900,2018-06-27 14:19:00,2.633666666666667,2018-06-27 14:19:00
901,2018-06-27 14:42:00,2.5587500000000007,2018-06-27 14:42:00
902,2018-06-27 14:43:00,2.5917916666666665,2018-06-27 14:43:00
903,2018-06-27 14:44:00,2.4472,2018-06-27 14:44:00
904,2018-06-27 22:17:00,2.64288,2018-06-27 22:17:00
905,2018-06-27 22:18:00,2.6548000000000003,2018-06-27 22:18:00
906,2018-06-28 06:18:00,2.5046,2018-06-28 06:18:00
907,2018-06-28 06:19:00,2.5933636363636365,2018-06-28 06:19:00
908,2018-06-28 06:20:00,2.6145882352941183,2018-06-28 06:20:00
909,2018-06-28 14:17:00,2.439454545454545,2018-06-28 14:17:00
910,2018-06-28 14:18:00,2.59472,2018-06-28 14:18:00
911,2018-06-28 14:19:00,2.5905,2018-06-28 14:19:00
912,2018-06-28 14:47:00,2.506454545454545,2018-06-28 14:47:00
913,2018-06-28 14:48:00,2.682083333333333,2018-06-28 14:48:00
914,2018-06-28 14:49:00,2.639571428571429,2018-06-28 14:49:00
915,2018-06-28 22:25:00,2.649083333333333,2018-06-28 22:25:00
916,2018-06-28 22:26:00,2.6870909090909096,2018-06-28 22:26:00
917,2018-06-28 22:27:00,2.614333333333333,2018-06-28 22:27:00
918,2018-06-28 22:43:00,2.5986249999999997,2018-06-28 22:43:00
919,2018-06-28 22:44:00,2.580625,2018-06-28 22:44:00
920,2018-06-29 06:17:00,2.61428,2018-06-29 06:17:00
921,2018-06-29 06:18:00,2.637583333333333,2018-06-29 06:18:00
922,2018-06-29 07:07:00,2.512294117647059,2018-06-29 07:07:00
923,2018-06-29 07:08:00,2.6377500000000005,2018-06-29 07:08:00
924,2018-06-29 07:09:00,2.5752222222222216,2018-06-29 07:09:00
925,2018-06-29 14:17:00,2.5327,2018-06-29 14:17:00
926,2018-06-29 14:18:00,2.689916666666667,2018-06-29 14:18:00
927,2018-06-29 14:19:00,2.6490666666666667,2018-06-29 14:19:00
928,2018-06-29 14:49:00,2.5464166666666657,2018-06-29 14:49:00
929,2018-06-29 14:50:00,2.65892,2018-06-29 14:50:00
930,2018-06-29 22:27:00,2.536230769230769,2018-06-29 22:27:00
931,2018-06-29 22:28:00,2.6433181818181817,2018-06-29 22:28:00
932,2018-06-29 22:29:00,2.5013076923076927,2018-06-29 22:29:00
933,2018-06-30 06:17:00,2.5920999999999994,2018-06-30 06:17:00
934,2018-06-30 06:18:00,2.7306086956521742,2018-06-30 06:18:00
935,2018-06-30 06:19:00,2.6508,2018-06-30 06:19:00
936,2018-06-30 14:16:00,2.590666666666667,2018-06-30 14:16:00
937,2018-06-30 14:17:00,2.7003333333333326,2018-06-30 14:17:00
938,2018-06-30 14:18:00,2.66036,2018-06-30 14:18:00
939,2018-06-30 22:16:00,2.6285,2018-06-30 22:16:00
940,2018-06-30 22:17:00,2.5466956521739132,2018-06-30 22:17:00
941,2018-06-30 22:18:00,2.57492,2018-06-30 22:18:00
942,2018-07-01 06:16:00,2.548,2018-07-01 06:16:00
943,2018-07-01 06:17:00,2.499708333333334,2018-07-01 06:17:00
944,2018-07-01 06:18:00,2.6241739130434776,2018-07-01 06:18:00
945,2018-07-01 14:16:00,2.518,2018-07-01 14:16:00
946,2018-07-01 14:17:00,2.593434782608696,2018-07-01 14:17:00
947,2018-07-01 14:18:00,2.7060000000000004,2018-07-01 14:18:00
948,2018-07-01 22:16:00,2.577,2018-07-01 22:16:00
949,2018-07-01 22:17:00,2.600416666666667,2018-07-01 22:17:00
950,2018-07-01 22:18:00,2.6039166666666658,2018-07-01 22:18:00
951,2018-07-02 06:17:00,2.6013333333333333,2018-07-02 06:17:00
952,2018-07-02 06:18:00,2.596041666666667,2018-07-02 06:18:00
953,2018-07-02 14:19:00,2.645541666666667,2018-07-02 14:19:00
954,2018-07-02 14:20:00,2.6620000000000004,2018-07-02 14:20:00
955,2018-07-02 14:55:00,2.57344,2018-07-02 14:55:00
956,2018-07-02 14:56:00,2.6744583333333325,2018-07-02 14:56:00
957,2018-07-02 22:18:00,2.5367999999999995,2018-07-02 22:18:00
958,2018-07-02 22:19:00,2.703125,2018-07-02 22:19:00
959,2018-07-02 22:20:00,2.690625,2018-07-02 22:20:00
960,2018-07-03 14:19:00,2.5995454545454537,2018-07-03 14:19:00
961,2018-07-03 14:20:00,2.652666666666666,2018-07-03 14:20:00
962,2018-07-03 14:21:00,2.5185,2018-07-03 14:21:00
963,2018-07-03 22:17:00,2.5369999999999995,2018-07-03 22:17:00
964,2018-07-03 22:18:00,2.6998400000000005,2018-07-03 22:18:00
965,2018-07-04 06:17:00,2.626625,2018-07-04 06:17:00
966,2018-07-04 06:18:00,2.6959599999999995,2018-07-04 06:18:00
967,2018-07-04 14:19:00,2.6548333333333334,2018-07-04 14:19:00
968,2018-07-04 14:20:00,2.6253599999999997,2018-07-04 14:20:00
969,2018-07-04 22:17:00,2.6346000000000003,2018-07-04 22:17:00
970,2018-07-04 22:18:00,2.60368,2018-07-04 22:18:00
971,2018-07-05 06:17:00,2.51384,2018-07-05 06:17:00
972,2018-07-05 06:18:00,2.6689199999999995,2018-07-05 06:18:00
973,2018-07-05 14:18:00,2.512833333333333,2018-07-05 14:18:00
974,2018-07-05 14:19:00,2.5544400000000005,2018-07-05 14:19:00
975,2018-07-05 22:17:00,2.5733913043478265,2018-07-05 22:17:00
976,2018-07-05 22:18:00,2.6137083333333333,2018-07-05 22:18:00
977,2018-07-06 06:26:00,2.57916,2018-07-06 06:26:00
978,2018-07-06 06:27:00,2.5820000000000003,2018-07-06 06:27:00
979,2018-07-06 07:04:00,2.604590909090909,2018-07-06 07:04:00
980,2018-07-06 07:05:00,2.632454545454545,2018-07-06 07:05:00
981,2018-07-06 07:06:00,2.5594,2018-07-06 07:06:00
982,2018-07-06 14:19:00,2.646875,2018-07-06 14:19:00
983,2018-07-06 14:20:00,2.6459130434782607,2018-07-06 14:20:00
984,2018-07-06 14:37:00,2.477,2018-07-06 14:37:00
985,2018-07-06 14:38:00,2.624772727272727,2018-07-06 14:38:00
986,2018-07-06 14:39:00,2.6980434782608698,2018-07-06 14:39:00
987,2018-07-06 22:18:00,2.5601,2018-07-06 22:18:00
988,2018-07-06 22:19:00,2.5676956521739127,2018-07-06 22:19:00
989,2018-07-06 22:20:00,2.4622,2018-07-06 22:20:00
990,2018-07-07 06:17:00,2.5978000000000008,2018-07-07 06:17:00
991,2018-07-07 06:18:00,2.6062,2018-07-07 06:18:00
992,2018-07-07 14:17:00,2.5592400000000004,2018-07-07 14:17:00
993,2018-07-07 14:18:00,2.6145200000000006,2018-07-07 14:18:00
994,2018-07-07 22:17:00,2.5678,2018-07-07 22:17:00
995,2018-07-07 22:18:00,2.675875,2018-07-07 22:18:00
996,2018-07-08 06:17:00,2.6626666666666665,2018-07-08 06:17:00
997,2018-07-08 06:18:00,2.7534799999999997,2018-07-08 06:18:00
998,2018-07-09 06:35:00,2.62075,2018-07-09 06:35:00
999,2018-07-09 06:36:00,2.6062857142857143,2018-07-09 06:36:00
1000,2018-07-09 06:37:00,2.6255416666666664,2018-07-09 06:37:00
1001,2018-07-09 07:07:00,2.6226470588235293,2018-07-09 07:07:00
1002,2018-07-09 07:08:00,2.697714285714286,2018-07-09 07:08:00
1003,2018-07-09 07:09:00,2.6606,2018-07-09 07:09:00
1004,2018-07-09 14:18:00,2.6719999999999997,2018-07-09 14:18:00
1005,2018-07-09 14:19:00,2.659125,2018-07-09 14:19:00
1006,2018-07-09 14:20:00,2.600304347826087,2018-07-09 14:20:00
1007,2018-07-09 15:16:00,2.64888,2018-07-09 15:16:00
1008,2018-07-09 15:17:00,2.6144761904761906,2018-07-09 15:17:00
1009,2018-07-09 15:18:00,2.5180000000000002,2018-07-09 15:18:00
1010,2018-07-09 22:18:00,2.591166666666666,2018-07-09 22:18:00
1011,2018-07-09 22:19:00,2.638791666666666,2018-07-09 22:19:00
1012,2018-07-10 06:17:00,2.5840799999999997,2018-07-10 06:17:00
1013,2018-07-10 06:18:00,2.6267727272727264,2018-07-10 06:18:00
1014,2018-07-10 06:19:00,2.5740000000000003,2018-07-10 06:19:00
1015,2018-07-10 06:31:00,2.55936,2018-07-10 06:31:00
1016,2018-07-10 06:32:00,2.56624,2018-07-10 06:32:00
1017,2018-07-10 06:44:00,2.4930000000000003,2018-07-10 06:44:00
1018,2018-07-10 06:45:00,2.5969583333333333,2018-07-10 06:45:00
1019,2018-07-10 06:46:00,2.6721250000000003,2018-07-10 06:46:00
1020,2018-07-10 22:17:00,2.5627500000000003,2018-07-10 22:17:00
1022,2018-07-10 22:19:00,2.6503333333333337,2018-07-10 22:19:00
1023,2018-07-11 06:17:00,2.6002499999999995,2018-07-11 06:17:00
1025,2018-07-11 06:19:00,2.6805000000000003,2018-07-11 06:19:00
1026,2018-07-11 14:17:00,2.541615384615384,2018-07-11 14:17:00
1027,2018-07-11 14:18:00,2.617375,2018-07-11 14:18:00
1028,2018-07-11 14:19:00,2.5893333333333337,2018-07-11 14:19:00
1029,2018-07-11 22:17:00,2.572909090909091,2018-07-11 22:17:00
1030,2018-07-11 22:18:00,2.6181363636363644,2018-07-11 22:18:00
1031,2018-07-11 22:19:00,2.46625,2018-07-11 22:19:00
1032,2018-07-12 06:17:00,2.4998571428571426,2018-07-12 06:17:00
1033,2018-07-12 06:18:00,2.6759,2018-07-12 06:18:00
1034,2018-07-12 06:19:00,2.4704,2018-07-12 06:19:00
1035,2018-07-12 14:17:00,2.671047619047619,2018-07-12 14:17:00
1036,2018-07-12 14:18:00,2.7266250000000003,2018-07-12 14:18:00
1037,2018-07-12 14:19:00,2.563,2018-07-12 14:19:00
1038,2018-07-12 22:31:00,2.54572,2018-07-12 22:31:00
1039,2018-07-12 22:32:00,2.6381600000000005,2018-07-12 22:32:00
1040,2018-07-13 06:19:00,2.487,2018-07-13 06:19:00
1041,2018-07-13 06:20:00,2.6120952380952382,2018-07-13 06:20:00
1042,2018-07-13 06:21:00,2.6495,2018-07-13 06:21:00
1043,2018-07-13 22:17:00,2.4806666666666666,2018-07-13 22:17:00
1044,2018-07-13 22:18:00,2.6399583333333325,2018-07-13 22:18:00
1045,2018-07-13 22:19:00,2.4756,2018-07-13 22:19:00
1046,2018-07-13 22:47:00,2.49595,2018-07-13 22:47:00
1047,2018-07-13 22:48:00,2.6655909090909096,2018-07-13 22:48:00
1048,2018-07-13 22:49:00,2.510428571428572,2018-07-13 22:49:00
1049,2018-07-14 06:17:00,2.5801666666666665,2018-07-14 06:17:00
1050,2018-07-14 06:18:00,2.6336666666666675,2018-07-14 06:18:00
1051,2018-07-14 14:17:00,2.560679999999999,2018-07-14 14:17:00
1052,2018-07-14 14:18:00,2.6190833333333328,2018-07-14 14:18:00
1053,2018-07-14 22:17:00,2.4868260869565217,2018-07-14 22:17:00
1054,2018-07-14 22:18:00,2.6230416666666665,2018-07-14 22:18:00
1055,2018-07-15 06:17:00,2.582217391304348,2018-07-15 06:17:00
1056,2018-07-15 06:18:00,2.69228,2018-07-15 06:18:00
1057,2018-07-15 14:17:00,2.6580869565217395,2018-07-15 14:17:00
1058,2018-07-15 14:18:00,2.5797391304347816,2018-07-15 14:18:00
1059,2018-07-15 22:17:00,2.5377600000000005,2018-07-15 22:17:00
1060,2018-07-15 22:18:00,2.60524,2018-07-15 22:18:00
1061,2018-07-16 06:19:00,2.529916666666667,2018-07-16 06:19:00
1062,2018-07-16 06:20:00,2.607458333333333,2018-07-16 06:20:00
1063,2018-07-16 07:07:00,2.5496799999999995,2018-07-16 07:07:00
1064,2018-07-16 07:08:00,2.61048,2018-07-16 07:08:00
1065,2018-07-16 14:42:00,2.57,2018-07-16 14:42:00
1066,2018-07-16 14:43:00,2.603958333333334,2018-07-16 14:43:00
1067,2018-07-16 22:17:00,2.5371111111111118,2018-07-16 22:17:00
1068,2018-07-16 22:18:00,2.7186666666666666,2018-07-16 22:18:00
1069,2018-07-16 22:19:00,2.5696666666666665,2018-07-16 22:19:00
1070,2018-07-17 06:44:00,2.49825,2018-07-17 06:44:00
1071,2018-07-17 06:45:00,2.65084,2018-07-17 06:45:00
1072,2018-07-17 14:49:00,2.5913913043478263,2018-07-17 14:49:00
1073,2018-07-17 14:50:00,2.5564,2018-07-17 14:50:00
1074,2018-07-17 14:51:00,2.466666666666667,2018-07-17 14:51:00
1075,2018-07-17 15:17:00,2.616166666666667,2018-07-17 15:17:00
1076,2018-07-17 15:18:00,2.6947200000000002,2018-07-17 15:18:00
1077,2018-07-17 22:17:00,2.536352941176471,2018-07-17 22:17:00
1078,2018-07-17 22:18:00,2.6882083333333338,2018-07-17 22:18:00
1079,2018-07-17 22:19:00,2.5377142857142863,2018-07-17 22:19:00
1080,2018-07-18 06:17:00,2.515555555555556,2018-07-18 06:17:00
1081,2018-07-18 06:18:00,2.6825454545454543,2018-07-18 06:18:00
1082,2018-07-18 06:19:00,2.605375,2018-07-18 06:19:00
1083,2018-07-18 14:17:00,2.5588000000000006,2018-07-18 14:17:00
1084,2018-07-18 14:18:00,2.7320434782608696,2018-07-18 14:18:00
1085,2018-07-18 14:19:00,2.6344000000000003,2018-07-18 14:19:00
1086,2018-07-18 22:17:00,2.5393636363636363,2018-07-18 22:17:00
1087,2018-07-18 22:18:00,2.6897391304347833,2018-07-18 22:18:00
1088,2018-07-18 22:19:00,2.6549333333333336,2018-07-18 22:19:00
1089,2018-07-19 06:17:00,2.5280000000000005,2018-07-19 06:17:00
1090,2018-07-19 06:18:00,2.6768260869565217,2018-07-19 06:18:00
1091,2018-07-19 06:19:00,2.6046363636363634,2018-07-19 06:19:00
1092,2018-07-19 14:17:00,2.519333333333333,2018-07-19 14:17:00
1093,2018-07-19 14:18:00,2.6821818181818182,2018-07-19 14:18:00
1094,2018-07-19 14:19:00,2.5182000000000007,2018-07-19 14:19:00
1095,2018-07-19 22:17:00,2.5185,2018-07-19 22:17:00
1096,2018-07-19 22:18:00,2.7269130434782607,2018-07-19 22:18:00
1097,2018-07-19 22:19:00,2.5198181818181817,2018-07-19 22:19:00
1098,2018-07-20 06:17:00,2.501866666666667,2018-07-20 06:17:00
1099,2018-07-20 06:18:00,2.634782608695652,2018-07-20 06:18:00
1100,2018-07-20 06:19:00,2.4974166666666666,2018-07-20 06:19:00
1101,2018-07-20 14:17:00,2.437133333333333,2018-07-20 14:17:00
1102,2018-07-20 14:18:00,2.6510454545454536,2018-07-20 14:18:00
1103,2018-07-20 14:19:00,2.564692307692308,2018-07-20 14:19:00
1104,2018-07-20 22:17:00,2.4875555555555557,2018-07-20 22:17:00
1105,2018-07-20 22:18:00,2.5399130434782604,2018-07-20 22:18:00
1106,2018-07-20 22:19:00,2.5982500000000006,2018-07-20 22:19:00
1107,2018-07-21 06:17:00,2.5364782608695653,2018-07-21 06:17:00
1108,2018-07-21 06:18:00,2.7261304347826085,2018-07-21 06:18:00
1109,2018-07-21 06:19:00,2.6039999999999996,2018-07-21 06:19:00
1110,2018-07-21 14:17:00,2.65652,2018-07-21 14:17:00
1111,2018-07-21 14:18:00,2.665086956521739,2018-07-21 14:18:00
1112,2018-07-21 14:19:00,2.71,2018-07-21 14:19:00
1113,2018-07-21 22:17:00,2.61636,2018-07-21 22:17:00
1114,2018-07-21 22:18:00,2.5960454545454548,2018-07-21 22:18:00
1115,2018-07-21 22:19:00,2.4913333333333334,2018-07-21 22:19:00
1116,2018-07-22 06:17:00,2.539333333333333,2018-07-22 06:17:00
1117,2018-07-22 06:18:00,2.7208636363636365,2018-07-22 06:18:00
1118,2018-07-22 06:19:00,2.54625,2018-07-22 06:19:00
1119,2018-07-22 14:17:00,2.6432916666666664,2018-07-22 14:17:00
1120,2018-07-22 14:18:00,2.7516363636363645,2018-07-22 14:18:00
1121,2018-07-22 14:19:00,2.6333333333333333,2018-07-22 14:19:00
1122,2018-07-22 22:17:00,2.6174782608695653,2018-07-22 22:17:00
1123,2018-07-22 22:18:00,2.608727272727273,2018-07-22 22:18:00
1124,2018-07-22 22:19:00,2.544,2018-07-22 22:19:00
1125,2018-07-23 06:17:00,2.5113478260869573,2018-07-23 06:17:00
1126,2018-07-23 06:18:00,2.6340909090909093,2018-07-23 06:18:00
1127,2018-07-23 06:19:00,2.4905,2018-07-23 06:19:00
1128,2018-07-23 14:18:00,2.6252,2018-07-23 14:18:00
1129,2018-07-23 14:19:00,2.7303599999999992,2018-07-23 14:19:00
1130,2018-07-23 22:17:00,2.5737272727272726,2018-07-23 22:17:00
1131,2018-07-23 22:18:00,2.653625,2018-07-23 22:18:00
1132,2018-07-23 22:19:00,2.5823571428571426,2018-07-23 22:19:00
