,end_time,RBG1,end_time_d
1832,2018-03-19 05:15:00,0.9775,2018-03-19 05:15:00
1833,2018-03-19 05:16:00,0.8813478260869564,2018-03-19 05:16:00
1834,2018-03-19 05:17:00,0.95,2018-03-19 05:17:00
1835,2018-03-19 13:17:00,0.6708799999999999,2018-03-19 13:17:00
1836,2018-03-19 13:18:00,0.8640833333333333,2018-03-19 13:18:00
1837,2018-03-19 14:21:00,0.9771538461538462,2018-03-19 14:21:00
1838,2018-03-19 14:22:00,0.8657272727272729,2018-03-19 14:22:00
1839,2018-03-19 14:23:00,0.9250769230769228,2018-03-19 14:23:00
1840,2018-03-19 21:31:00,0.9652500000000002,2018-03-19 21:31:00
1841,2018-03-19 21:32:00,0.8823913043478264,2018-03-19 21:32:00
1842,2018-03-19 21:33:00,0.8945882352941178,2018-03-19 21:33:00
1843,2018-03-20 05:15:00,0.9426666666666668,2018-03-20 05:15:00
1844,2018-03-20 05:16:00,0.8923999999999999,2018-03-20 05:16:00
1845,2018-03-20 13:16:00,0.9562857142857144,2018-03-20 13:16:00
1846,2018-03-20 13:17:00,0.8536666666666668,2018-03-20 13:17:00
1847,2018-03-20 13:18:00,0.8858333333333334,2018-03-20 13:18:00
1848,2018-03-20 14:01:00,0.965125,2018-03-20 14:01:00
1849,2018-03-20 14:02:00,0.8969166666666665,2018-03-20 14:02:00
1850,2018-03-20 14:03:00,0.916941176470588,2018-03-20 14:03:00
1851,2018-03-20 14:08:00,0.9468399999999998,2018-03-20 14:08:00
1852,2018-03-20 14:09:00,0.8609166666666667,2018-03-20 14:09:00
1853,2018-03-20 14:13:00,0.9316470588235294,2018-03-20 14:13:00
1854,2018-03-20 14:14:00,0.87275,2018-03-20 14:14:00
1855,2018-03-20 14:15:00,0.9385555555555556,2018-03-20 14:15:00
1856,2018-03-20 17:02:00,0.9788461538461538,2018-03-20 17:02:00
1857,2018-03-20 17:03:00,0.8762499999999998,2018-03-20 17:03:00
1858,2018-03-20 17:04:00,0.9261666666666666,2018-03-20 17:04:00
1859,2018-03-20 21:15:00,0.9418333333333332,2018-03-20 21:15:00
1860,2018-03-20 21:16:00,0.8862083333333333,2018-03-20 21:16:00
1861,2018-03-21 05:15:00,0.95575,2018-03-21 05:15:00
1862,2018-03-21 05:16:00,0.8762916666666665,2018-03-21 05:16:00
1863,2018-03-21 13:16:00,0.9372800000000002,2018-03-21 13:16:00
1864,2018-03-21 13:17:00,0.8872499999999999,2018-03-21 13:17:00
1865,2018-03-21 21:16:00,0.9261304347826088,2018-03-21 21:16:00
1866,2018-03-21 21:17:00,0.8756666666666667,2018-03-21 21:17:00
1867,2018-03-21 21:47:00,0.94284,2018-03-21 21:47:00
1868,2018-03-21 21:48:00,0.8656521739130435,2018-03-21 21:48:00
1869,2018-03-22 05:15:00,0.96175,2018-03-22 05:15:00
1870,2018-03-22 05:16:00,0.8886249999999999,2018-03-22 05:16:00
1871,2018-03-22 05:17:00,0.962,2018-03-22 05:17:00
1872,2018-03-22 13:15:00,0.94696,2018-03-22 13:15:00
1873,2018-03-22 13:16:00,0.8686250000000001,2018-03-22 13:16:00
1874,2018-03-22 13:17:00,0.925,2018-03-22 13:17:00
1875,2018-03-23 05:15:00,0.66756,2018-03-23 05:15:00
1876,2018-03-23 05:16:00,0.9025217391304348,2018-03-23 05:16:00
1877,2018-03-23 05:17:00,0.958,2018-03-23 05:17:00
1878,2018-03-23 13:16:00,0.9214166666666668,2018-03-23 13:16:00
1879,2018-03-23 13:17:00,0.8797083333333332,2018-03-23 13:17:00
1880,2018-03-23 22:32:00,0.9548,2018-03-23 22:32:00
1881,2018-03-23 22:33:00,0.9015416666666668,2018-03-23 22:33:00
1882,2018-03-23 22:34:00,0.8902857142857142,2018-03-23 22:34:00
1883,2018-03-24 05:15:00,1.0025,2018-03-24 05:15:00
1884,2018-03-24 05:16:00,0.9374166666666666,2018-03-24 05:16:00
1885,2018-03-24 05:17:00,0.8786521739130435,2018-03-24 05:17:00
1886,2018-03-24 13:17:00,0.9568571428571429,2018-03-24 13:17:00
1887,2018-03-24 13:18:00,0.8805833333333335,2018-03-24 13:18:00
1888,2018-03-24 13:19:00,0.9043636363636364,2018-03-24 13:19:00
1889,2018-03-24 21:15:00,0.9169523809523809,2018-03-24 21:15:00
1890,2018-03-24 21:16:00,0.8586521739130434,2018-03-24 21:16:00
1891,2018-03-24 21:17:00,0.92,2018-03-24 21:17:00
1892,2018-03-25 06:15:00,0.9201999999999998,2018-03-25 06:15:00
1893,2018-03-25 06:16:00,0.8871304347826087,2018-03-25 06:16:00
1894,2018-03-25 14:15:00,0.95196,2018-03-25 14:15:00
1895,2018-03-25 14:16:00,0.8779583333333334,2018-03-25 14:16:00
1896,2018-03-25 22:15:00,0.9612727272727272,2018-03-25 22:15:00
1897,2018-03-25 22:16:00,0.8774166666666668,2018-03-25 22:16:00
1898,2018-03-25 22:17:00,0.943,2018-03-25 22:17:00
1899,2018-03-26 06:15:00,0.979142857142857,2018-03-26 06:15:00
1900,2018-03-26 06:16:00,0.9505,2018-03-26 06:16:00
1901,2018-03-26 06:17:00,0.8965789473684209,2018-03-26 06:17:00
1902,2018-03-26 07:13:00,1.0073333333333334,2018-03-26 07:13:00
1903,2018-03-26 07:14:00,0.971173913043478,2018-03-26 07:14:00
1904,2018-03-26 07:15:00,0.9044000000000002,2018-03-26 07:15:00
1905,2018-03-26 14:16:00,0.95116,2018-03-26 14:16:00
1906,2018-03-26 14:17:00,0.883695652173913,2018-03-26 14:17:00
1907,2018-03-26 22:15:00,0.9952272727272724,2018-03-26 22:15:00
1908,2018-03-26 22:16:00,0.8886521739130433,2018-03-26 22:16:00
1909,2018-03-26 22:17:00,0.9554,2018-03-26 22:17:00
1910,2018-03-27 06:15:00,0.96725,2018-03-27 06:15:00
1911,2018-03-27 06:16:00,0.9122380952380954,2018-03-27 06:16:00
1912,2018-03-27 06:17:00,0.9067894736842108,2018-03-27 06:17:00
1913,2018-03-27 14:15:00,0.9540000000000001,2018-03-27 14:15:00
1914,2018-03-27 14:16:00,0.866,2018-03-27 14:16:00
1915,2018-03-27 14:17:00,0.9698,2018-03-27 14:17:00
1916,2018-03-27 22:16:00,0.9621578947368422,2018-03-27 22:16:00
1917,2018-03-27 22:17:00,0.873625,2018-03-27 22:17:00
1918,2018-03-27 22:18:00,0.9915999999999998,2018-03-27 22:18:00
1919,2018-03-28 06:16:00,0.9620000000000002,2018-03-28 06:16:00
1920,2018-03-28 06:17:00,0.8882499999999998,2018-03-28 06:17:00
1921,2018-03-28 14:38:00,0.9310416666666668,2018-03-28 14:38:00
1922,2018-03-28 14:39:00,0.87676,2018-03-28 14:39:00
1923,2018-03-28 22:15:00,0.9447272727272727,2018-03-28 22:15:00
1924,2018-03-28 22:16:00,0.8568695652173911,2018-03-28 22:16:00
1925,2018-03-28 22:17:00,0.95675,2018-03-28 22:17:00
1926,2018-03-29 06:15:00,0.9903076923076924,2018-03-29 06:15:00
1927,2018-03-29 06:16:00,0.9018750000000004,2018-03-29 06:16:00
1928,2018-03-29 06:17:00,0.9178333333333332,2018-03-29 06:17:00
1929,2018-03-29 14:15:00,0.9579166666666666,2018-03-29 14:15:00
1930,2018-03-29 14:16:00,0.8806086956521738,2018-03-29 14:16:00
1931,2018-03-29 14:17:00,0.8991538461538462,2018-03-29 14:17:00
1932,2018-03-29 22:16:00,0.9309583333333332,2018-03-29 22:16:00
1933,2018-03-29 22:17:00,0.8712083333333335,2018-03-29 22:17:00
1934,2018-03-29 22:18:00,0.975,2018-03-29 22:18:00
1935,2018-03-30 06:15:00,0.9453684210526316,2018-03-30 06:15:00
1936,2018-03-30 06:16:00,0.8654545454545456,2018-03-30 06:16:00
1937,2018-03-30 06:17:00,0.925125,2018-03-30 06:17:00
1938,2018-03-30 14:15:00,0.933,2018-03-30 14:15:00
1939,2018-03-30 14:16:00,0.8651200000000001,2018-03-30 14:16:00
1940,2018-03-30 22:15:00,0.943818181818182,2018-03-30 22:15:00
1941,2018-03-30 22:16:00,0.8841999999999999,2018-03-30 22:16:00
1942,2018-03-31 06:15:00,0.94372,2018-03-31 06:15:00
1943,2018-03-31 06:16:00,0.8791199999999999,2018-03-31 06:16:00
1944,2018-03-31 14:15:00,0.95044,2018-03-31 14:15:00
1945,2018-03-31 14:16:00,0.8909130434782608,2018-03-31 14:16:00
1946,2018-03-31 22:15:00,0.943217391304348,2018-03-31 22:15:00
1947,2018-03-31 22:16:00,0.8760833333333334,2018-03-31 22:16:00
1948,2018-04-01 06:15:00,0.9638399999999999,2018-04-01 06:15:00
1949,2018-04-01 06:16:00,0.9044166666666666,2018-04-01 06:16:00
1950,2018-04-01 14:15:00,0.97124,2018-04-01 14:15:00
1951,2018-04-01 14:16:00,0.9014166666666668,2018-04-01 14:16:00
1952,2018-04-01 22:15:00,0.9749599999999998,2018-04-01 22:15:00
1953,2018-04-01 22:16:00,0.8946,2018-04-01 22:16:00
1954,2018-04-02 06:15:00,0.9908399999999999,2018-04-02 06:15:00
1955,2018-04-02 06:16:00,0.90172,2018-04-02 06:16:00
1956,2018-04-02 14:15:00,0.98144,2018-04-02 14:15:00
1957,2018-04-02 14:16:00,0.8896666666666669,2018-04-02 14:16:00
1958,2018-04-02 22:15:00,0.9845,2018-04-02 22:15:00
1959,2018-04-02 22:16:00,0.9735217391304348,2018-04-02 22:16:00
1960,2018-04-02 22:17:00,0.8910869565217391,2018-04-02 22:17:00
1961,2018-04-03 06:15:00,0.9635,2018-04-03 06:15:00
1962,2018-04-03 06:16:00,0.8859565217391302,2018-04-03 06:16:00
1963,2018-04-03 06:17:00,0.8933333333333334,2018-04-03 06:17:00
1964,2018-04-03 06:36:00,0.9600555555555554,2018-04-03 06:36:00
1965,2018-04-03 06:37:00,0.8987391304347827,2018-04-03 06:37:00
1966,2018-04-03 06:38:00,0.929,2018-04-03 06:38:00
1967,2018-04-03 14:16:00,0.962,2018-04-03 14:16:00
1968,2018-04-03 14:17:00,0.8959999999999999,2018-04-03 14:17:00
1969,2018-04-03 22:15:00,0.9772499999999998,2018-04-03 22:15:00
1970,2018-04-03 22:16:00,0.8784285714285713,2018-04-03 22:16:00
1971,2018-04-03 22:17:00,0.900142857142857,2018-04-03 22:17:00
1972,2018-04-03 22:44:00,0.9670769230769232,2018-04-03 22:44:00
1973,2018-04-03 22:45:00,0.8776521739130436,2018-04-03 22:45:00
1974,2018-04-03 22:46:00,0.9091428571428573,2018-04-03 22:46:00
1975,2018-04-04 06:15:00,0.9582666666666668,2018-04-04 06:15:00
1976,2018-04-04 06:16:00,0.8862857142857142,2018-04-04 06:16:00
1977,2018-04-04 06:17:00,0.9247272727272728,2018-04-04 06:17:00
1978,2018-04-04 07:01:00,0.95344,2018-04-04 07:01:00
1979,2018-04-04 07:02:00,0.8797272727272727,2018-04-04 07:02:00
1980,2018-04-04 14:15:00,0.9506666666666668,2018-04-04 14:15:00
1981,2018-04-04 14:16:00,0.91364,2018-04-04 14:16:00
1982,2018-04-04 14:17:00,0.8821363636363636,2018-04-04 14:17:00
1983,2018-04-04 22:15:00,0.9402857142857144,2018-04-04 22:15:00
1984,2018-04-04 22:16:00,0.8779166666666666,2018-04-04 22:16:00
1985,2018-04-04 22:17:00,0.9068333333333332,2018-04-04 22:17:00
1986,2018-04-05 06:15:00,0.9783571428571428,2018-04-05 06:15:00
1987,2018-04-05 06:16:00,0.8848260869565219,2018-04-05 06:16:00
1988,2018-04-05 06:17:00,0.9060833333333336,2018-04-05 06:17:00
1989,2018-04-05 06:47:00,0.9490000000000001,2018-04-05 06:47:00
1990,2018-04-05 06:48:00,0.9196,2018-04-05 06:48:00
1991,2018-04-05 06:49:00,0.8845000000000001,2018-04-05 06:49:00
1992,2018-04-05 14:16:00,0.9522,2018-04-05 14:16:00
1993,2018-04-05 14:17:00,0.8807083333333332,2018-04-05 14:17:00
1994,2018-04-05 14:18:00,0.9174444444444444,2018-04-05 14:18:00
1995,2018-04-05 22:15:00,0.9396923076923076,2018-04-05 22:15:00
1996,2018-04-05 22:16:00,0.8867599999999999,2018-04-05 22:16:00
1997,2018-04-05 22:17:00,0.9054166666666666,2018-04-05 22:17:00
1998,2018-04-06 06:15:00,0.970846153846154,2018-04-06 06:15:00
1999,2018-04-06 06:16:00,0.905130434782609,2018-04-06 06:16:00
2000,2018-04-06 06:17:00,0.8918571428571429,2018-04-06 06:17:00
2001,2018-04-06 06:42:00,0.9413333333333332,2018-04-06 06:42:00
2002,2018-04-06 06:43:00,0.8761666666666668,2018-04-06 06:43:00
2003,2018-04-06 14:15:00,0.971,2018-04-06 14:15:00
2004,2018-04-06 14:16:00,0.9400434782608692,2018-04-06 14:16:00
2005,2018-04-06 14:17:00,0.899333333333333,2018-04-06 14:17:00
2006,2018-04-06 14:48:00,0.951947368421053,2018-04-06 14:48:00
2007,2018-04-06 14:49:00,0.8666666666666668,2018-04-06 14:49:00
2008,2018-04-06 14:50:00,0.9263333333333332,2018-04-06 14:50:00
2009,2018-04-06 22:16:00,0.946,2018-04-06 22:16:00
2010,2018-04-06 22:17:00,0.8961199999999999,2018-04-06 22:17:00
2011,2018-04-07 06:15:00,0.957625,2018-04-07 06:15:00
2012,2018-04-07 06:16:00,0.8635652173913043,2018-04-07 06:16:00
2013,2018-04-07 06:17:00,0.9813333333333332,2018-04-07 06:17:00
2014,2018-04-07 14:15:00,0.9359090909090909,2018-04-07 14:15:00
2015,2018-04-07 14:16:00,0.849909090909091,2018-04-07 14:16:00
2016,2018-04-07 14:17:00,0.9256666666666667,2018-04-07 14:17:00
2017,2018-04-07 22:15:00,0.9234545454545454,2018-04-07 22:15:00
2018,2018-04-07 22:16:00,0.8790434782608693,2018-04-07 22:16:00
2019,2018-04-07 22:17:00,0.97375,2018-04-07 22:17:00
2020,2018-04-08 06:15:00,0.9416818181818184,2018-04-08 06:15:00
2021,2018-04-08 06:16:00,0.8444782608695651,2018-04-08 06:16:00
2022,2018-04-08 06:17:00,0.94025,2018-04-08 06:17:00
2023,2018-04-08 14:15:00,0.9372173913043476,2018-04-08 14:15:00
2024,2018-04-08 14:16:00,0.8679565217391303,2018-04-08 14:16:00
2025,2018-04-08 14:17:00,0.9305,2018-04-08 14:17:00
2026,2018-04-08 22:15:00,0.9510454545454546,2018-04-08 22:15:00
2027,2018-04-08 22:16:00,0.8651818181818182,2018-04-08 22:16:00
2028,2018-04-08 22:17:00,0.9506666666666668,2018-04-08 22:17:00
2029,2018-04-09 06:15:00,0.9655454545454546,2018-04-09 06:15:00
2030,2018-04-09 06:16:00,0.8861666666666667,2018-04-09 06:16:00
2031,2018-04-09 06:17:00,0.9011333333333332,2018-04-09 06:17:00
2032,2018-04-09 07:08:00,0.9685,2018-04-09 07:08:00
2033,2018-04-09 07:09:00,0.9090869565217392,2018-04-09 07:09:00
2034,2018-04-09 07:10:00,0.8811578947368419,2018-04-09 07:10:00
2035,2018-04-09 14:15:00,0.9599,2018-04-09 14:15:00
2036,2018-04-09 14:16:00,0.9027499999999998,2018-04-09 14:16:00
2037,2018-04-09 14:17:00,0.9115625,2018-04-09 14:17:00
2038,2018-04-09 22:15:00,0.9978,2018-04-09 22:15:00
2039,2018-04-09 22:16:00,0.8961304347826089,2018-04-09 22:16:00
2040,2018-04-09 22:17:00,0.8949375000000002,2018-04-09 22:17:00
2041,2018-04-10 06:16:00,0.9555555555555556,2018-04-10 06:16:00
2042,2018-04-10 06:17:00,0.8659600000000001,2018-04-10 06:17:00
2043,2018-04-10 06:18:00,0.9378333333333332,2018-04-10 06:18:00
2044,2018-04-10 06:57:00,0.9422666666666664,2018-04-10 06:57:00
2045,2018-04-10 06:58:00,0.8649130434782609,2018-04-10 06:58:00
2046,2018-04-10 06:59:00,0.9104545454545456,2018-04-10 06:59:00
2047,2018-04-10 14:15:00,0.9635,2018-04-10 14:15:00
2048,2018-04-10 14:16:00,0.9155833333333336,2018-04-10 14:16:00
2049,2018-04-10 14:17:00,0.8573043478260868,2018-04-10 14:17:00
2050,2018-04-10 22:17:00,0.9274166666666668,2018-04-10 22:17:00
2051,2018-04-10 22:18:00,0.8806250000000001,2018-04-10 22:18:00
2052,2018-04-10 22:40:00,0.9253600000000001,2018-04-10 22:40:00
2053,2018-04-10 22:41:00,0.8655199999999997,2018-04-10 22:41:00
2054,2018-04-11 06:17:00,0.9195200000000001,2018-04-11 06:17:00
2055,2018-04-11 06:18:00,0.8679583333333333,2018-04-11 06:18:00
2056,2018-04-11 06:31:00,0.92044,2018-04-11 06:31:00
2057,2018-04-11 06:32:00,0.8591200000000002,2018-04-11 06:32:00
2058,2018-04-11 06:57:00,0.9411200000000001,2018-04-11 06:57:00
2059,2018-04-11 06:58:00,0.8777599999999999,2018-04-11 06:58:00
2060,2018-04-11 14:17:00,0.9333125,2018-04-11 14:17:00
2061,2018-04-11 14:18:00,0.8602173913043478,2018-04-11 14:18:00
2062,2018-04-11 14:19:00,0.9201999999999998,2018-04-11 14:19:00
2063,2018-04-11 22:15:00,0.97,2018-04-11 22:15:00
2064,2018-04-11 22:16:00,0.8807499999999999,2018-04-11 22:16:00
2065,2018-04-11 22:17:00,0.9025,2018-04-11 22:17:00
2066,2018-04-12 06:16:00,0.9529375,2018-04-12 06:16:00
2067,2018-04-12 06:17:00,0.8749166666666667,2018-04-12 06:17:00
2068,2018-04-12 06:18:00,0.9008,2018-04-12 06:18:00
2069,2018-04-12 07:07:00,0.9194583333333334,2018-04-12 07:07:00
2070,2018-04-12 07:08:00,0.8660909090909091,2018-04-12 07:08:00
2071,2018-04-12 14:17:00,0.9299583333333332,2018-04-12 14:17:00
2072,2018-04-12 14:18:00,0.8666249999999996,2018-04-12 14:18:00
2073,2018-04-12 14:52:00,0.9149999999999998,2018-04-12 14:52:00
2074,2018-04-12 14:53:00,0.8680833333333332,2018-04-12 14:53:00
2075,2018-04-12 22:15:00,0.9628571428571427,2018-04-12 22:15:00
2076,2018-04-12 22:16:00,0.8887391304347827,2018-04-12 22:16:00
2077,2018-04-12 22:17:00,0.8943684210526315,2018-04-12 22:17:00
2078,2018-04-13 06:17:00,0.9258000000000002,2018-04-13 06:17:00
2079,2018-04-13 06:18:00,0.8762399999999999,2018-04-13 06:18:00
2080,2018-04-13 06:54:00,0.93084,2018-04-13 06:54:00
2081,2018-04-13 06:55:00,0.8653599999999999,2018-04-13 06:55:00
2082,2018-04-13 07:14:00,0.968,2018-04-13 07:14:00
2083,2018-04-13 07:15:00,0.935565217391304,2018-04-13 07:15:00
2084,2018-04-13 07:16:00,0.8745000000000002,2018-04-13 07:16:00
2085,2018-04-13 14:17:00,0.9192399999999998,2018-04-13 14:17:00
2086,2018-04-13 14:18:00,0.8893199999999999,2018-04-13 14:18:00
2087,2018-04-13 14:40:00,0.9255833333333332,2018-04-13 14:40:00
2088,2018-04-13 14:41:00,0.8797826086956522,2018-04-13 14:41:00
2089,2018-04-16 18:02:00,0.9216,2018-04-16 18:02:00
2090,2018-04-16 18:03:00,0.8878695652173915,2018-04-16 18:03:00
2091,2018-04-16 22:15:00,0.9576666666666666,2018-04-16 22:15:00
2092,2018-04-16 22:16:00,0.9252083333333334,2018-04-16 22:16:00
2093,2018-04-16 22:17:00,0.8853181818181818,2018-04-16 22:17:00
2094,2018-04-17 06:15:00,0.9766666666666666,2018-04-17 06:15:00
2095,2018-04-17 06:16:00,1.051125,2018-04-17 06:16:00
2096,2018-04-17 06:17:00,1.0281739130434782,2018-04-17 06:17:00
2097,2018-04-17 07:13:00,1.0684090909090909,2018-04-17 07:13:00
2098,2018-04-17 07:14:00,1.00912,2018-04-17 07:14:00
2099,2018-04-17 07:15:00,1.0439999999999998,2018-04-17 07:15:00
2100,2018-04-17 14:16:00,0.96352,2018-04-17 14:16:00
2101,2018-04-17 14:17:00,0.8882400000000001,2018-04-17 14:17:00
2102,2018-04-17 22:15:00,0.9413333333333332,2018-04-17 22:15:00
2103,2018-04-17 22:16:00,0.9235652173913044,2018-04-17 22:16:00
2104,2018-04-17 22:17:00,0.8952727272727276,2018-04-17 22:17:00
2105,2018-04-18 06:15:00,0.9975,2018-04-18 06:15:00
2106,2018-04-18 06:16:00,0.9432272727272728,2018-04-18 06:16:00
2107,2018-04-18 06:17:00,0.8854583333333333,2018-04-18 06:17:00
2108,2018-04-18 14:16:00,0.93644,2018-04-18 14:16:00
2109,2018-04-18 14:17:00,0.8771599999999999,2018-04-18 14:17:00
2110,2018-04-18 22:15:00,0.9515,2018-04-18 22:15:00
2111,2018-04-18 22:16:00,0.9310833333333332,2018-04-18 22:16:00
2112,2018-04-18 22:17:00,0.8915000000000002,2018-04-18 22:17:00
2113,2018-04-19 06:15:00,0.974,2018-04-19 06:15:00
2114,2018-04-19 06:16:00,0.9322800000000002,2018-04-19 06:16:00
2115,2018-04-19 06:17:00,0.8767916666666667,2018-04-19 06:17:00
2116,2018-04-19 14:15:00,0.943,2018-04-19 14:15:00
2117,2018-04-19 14:16:00,0.9153913043478259,2018-04-19 14:16:00
2118,2018-04-19 14:17:00,0.8781249999999999,2018-04-19 14:17:00
2119,2018-04-19 22:16:00,0.9326956521739131,2018-04-19 22:16:00
2120,2018-04-19 22:17:00,0.8825416666666667,2018-04-19 22:17:00
2121,2018-04-19 22:18:00,0.9783333333333334,2018-04-19 22:18:00
2122,2018-04-20 06:16:00,0.931,2018-04-20 06:16:00
2123,2018-04-20 06:17:00,0.8764799999999999,2018-04-20 06:17:00
2124,2018-04-20 14:17:00,0.92256,2018-04-20 14:17:00
2125,2018-04-20 14:18:00,0.8746190476190475,2018-04-20 14:18:00
2126,2018-04-20 22:18:00,0.939708333333333,2018-04-20 22:18:00
2127,2018-04-20 22:19:00,0.8893999999999999,2018-04-20 22:19:00
2128,2018-04-21 06:15:00,0.9752727272727272,2018-04-21 06:15:00
2129,2018-04-21 06:16:00,0.8545416666666665,2018-04-21 06:16:00
2130,2018-04-21 06:17:00,0.8997692307692309,2018-04-21 06:17:00
2131,2018-04-21 14:15:00,0.9556,2018-04-21 14:15:00
2132,2018-04-21 14:16:00,0.8861304347826086,2018-04-21 14:16:00
2133,2018-04-21 14:17:00,0.9005625,2018-04-21 14:17:00
2134,2018-04-21 22:15:00,0.9792727272727272,2018-04-21 22:15:00
2135,2018-04-21 22:16:00,0.8697272727272728,2018-04-21 22:16:00
2136,2018-04-21 22:17:00,0.899875,2018-04-21 22:17:00
2137,2018-04-22 06:15:00,0.9694,2018-04-22 06:15:00
2138,2018-04-22 06:16:00,0.871909090909091,2018-04-22 06:16:00
2139,2018-04-22 06:17:00,0.895764705882353,2018-04-22 06:17:00
2140,2018-04-22 14:15:00,0.9816,2018-04-22 14:15:00
2141,2018-04-22 14:16:00,0.8879523809523808,2018-04-22 14:16:00
2142,2018-04-22 14:17:00,0.9025625,2018-04-22 14:17:00
2143,2018-04-22 22:15:00,0.9658888888888891,2018-04-22 22:15:00
2144,2018-04-22 22:16:00,0.8830454545454546,2018-04-22 22:16:00
2145,2018-04-22 22:17:00,0.8964117647058822,2018-04-22 22:17:00
2146,2018-04-22 22:23:00,0.97,2018-04-22 22:23:00
2147,2018-04-22 22:24:00,0.9349090909090909,2018-04-22 22:24:00
2148,2018-04-22 22:25:00,0.8749565217391304,2018-04-22 22:25:00
2149,2018-04-23 06:16:00,0.92368,2018-04-23 06:16:00
2150,2018-04-23 06:17:00,0.8966956521739131,2018-04-23 06:17:00
2151,2018-04-23 06:36:00,0.9293999999999998,2018-04-23 06:36:00
2152,2018-04-23 06:37:00,0.8894399999999999,2018-04-23 06:37:00
2153,2018-04-23 14:21:00,0.9652142857142856,2018-04-23 14:21:00
2154,2018-04-23 14:22:00,0.8845,2018-04-23 14:22:00
2155,2018-04-23 14:23:00,0.9138333333333332,2018-04-23 14:23:00
2156,2018-04-23 16:42:00,0.9554210526315788,2018-04-23 16:42:00
2157,2018-04-23 16:43:00,0.8769199999999998,2018-04-23 16:43:00
2158,2018-04-23 16:44:00,0.9381666666666666,2018-04-23 16:44:00
2159,2018-04-23 16:52:00,0.960153846153846,2018-04-23 16:52:00
2160,2018-04-23 16:53:00,0.8690434782608697,2018-04-23 16:53:00
2161,2018-04-23 16:54:00,0.918076923076923,2018-04-23 16:54:00
2162,2018-04-23 16:56:00,0.4512857142857144,2018-04-23 16:56:00
2163,2018-04-23 16:57:00,0.32327500000000003,2018-04-23 16:57:00
2164,2018-04-23 17:00:00,0.6262941176470589,2018-04-23 17:00:00
2165,2018-04-23 17:01:00,0.8560833333333333,2018-04-23 17:01:00
2166,2018-04-23 17:02:00,0.9718571428571428,2018-04-23 17:02:00
2167,2018-04-23 22:17:00,0.988,2018-04-23 22:17:00
2168,2018-04-23 22:18:00,0.8613333333333334,2018-04-23 22:18:00
2169,2018-04-23 22:19:00,0.9078571428571428,2018-04-23 22:19:00
2170,2018-04-24 06:16:00,0.9256799999999996,2018-04-24 06:16:00
2171,2018-04-24 06:17:00,0.8689199999999999,2018-04-24 06:17:00
2172,2018-04-24 14:26:00,0.9397058823529412,2018-04-24 14:26:00
2173,2018-04-24 14:27:00,0.8702916666666668,2018-04-24 14:27:00
2174,2018-04-24 14:28:00,0.9506666666666664,2018-04-24 14:28:00
2175,2018-04-24 22:17:00,0.9765555555555556,2018-04-24 22:17:00
2176,2018-04-24 22:18:00,0.8898260869565218,2018-04-24 22:18:00
2177,2018-04-24 22:19:00,0.9057058823529412,2018-04-24 22:19:00
2178,2018-04-25 06:16:00,0.9375652173913042,2018-04-25 06:16:00
2179,2018-04-25 06:17:00,0.8845599999999998,2018-04-25 06:17:00
2180,2018-04-25 14:25:00,0.9781111111111112,2018-04-25 14:25:00
2181,2018-04-25 14:26:00,0.8981739130434785,2018-04-25 14:26:00
2182,2018-04-25 14:27:00,0.9047058823529412,2018-04-25 14:27:00
2183,2018-04-25 15:10:00,0.9651,2018-04-25 15:10:00
2184,2018-04-25 15:11:00,0.8935416666666667,2018-04-25 15:11:00
2185,2018-04-25 15:12:00,0.9130625,2018-04-25 15:12:00
2186,2018-04-25 22:16:00,0.9374,2018-04-25 22:16:00
2187,2018-04-25 22:17:00,0.8821739130434783,2018-04-25 22:17:00
2188,2018-04-26 06:16:00,0.9393478260869564,2018-04-26 06:16:00
2189,2018-04-26 06:17:00,0.8808400000000003,2018-04-26 06:17:00
2190,2018-04-26 06:48:00,0.9385454545454548,2018-04-26 06:48:00
2191,2018-04-26 06:49:00,0.8689565217391305,2018-04-26 06:49:00
2192,2018-04-26 06:50:00,0.973,2018-04-26 06:50:00
2193,2018-04-26 14:18:00,0.9570555555555555,2018-04-26 14:18:00
2194,2018-04-26 14:19:00,0.8865416666666666,2018-04-26 14:19:00
2195,2018-04-26 14:20:00,0.9420000000000001,2018-04-26 14:20:00
2196,2018-04-26 22:16:00,0.9372173913043476,2018-04-26 22:16:00
2197,2018-04-26 22:17:00,0.8874782608695654,2018-04-26 22:17:00
2198,2018-04-27 06:16:00,0.9386,2018-04-27 06:16:00
2199,2018-04-27 06:17:00,0.8757083333333334,2018-04-27 06:17:00
2200,2018-04-27 14:53:00,0.94864,2018-04-27 14:53:00
2201,2018-04-27 14:54:00,0.8872400000000001,2018-04-27 14:54:00
2202,2018-04-27 22:16:00,0.9289166666666668,2018-04-27 22:16:00
2203,2018-04-27 22:17:00,0.8786521739130436,2018-04-27 22:17:00
2204,2018-04-28 06:16:00,0.9245714285714286,2018-04-28 06:16:00
2205,2018-04-28 06:17:00,0.8464166666666667,2018-04-28 06:17:00
2206,2018-04-28 06:18:00,0.9746666666666668,2018-04-28 06:18:00
2207,2018-04-28 14:16:00,0.9199200000000002,2018-04-28 14:16:00
2208,2018-04-28 14:17:00,0.87764,2018-04-28 14:17:00
2209,2018-04-28 22:16:00,0.9244399999999996,2018-04-28 22:16:00
2210,2018-04-28 22:17:00,0.8719583333333335,2018-04-28 22:17:00
2211,2018-04-29 06:15:00,0.948,2018-04-29 06:15:00
2212,2018-04-29 06:16:00,0.9062608695652172,2018-04-29 06:16:00
2213,2018-04-29 06:17:00,0.8952608695652173,2018-04-29 06:17:00
2214,2018-04-29 14:15:00,0.98675,2018-04-29 14:15:00
2215,2018-04-29 14:16:00,0.9308260869565216,2018-04-29 14:16:00
2216,2018-04-29 14:17:00,0.8987142857142856,2018-04-29 14:17:00
2217,2018-04-29 22:17:00,0.9916666666666668,2018-04-29 22:17:00
2218,2018-04-29 22:18:00,0.9030434782608694,2018-04-29 22:18:00
2219,2018-04-29 22:19:00,0.8825714285714287,2018-04-29 22:19:00
2220,2018-04-30 06:16:00,0.93372,2018-04-30 06:16:00
2221,2018-04-30 06:17:00,0.8812916666666667,2018-04-30 06:17:00
2222,2018-04-30 07:18:00,0.9260416666666668,2018-04-30 07:18:00
2223,2018-04-30 07:19:00,0.8750833333333331,2018-04-30 07:19:00
2224,2018-04-30 14:17:00,0.948375,2018-04-30 14:17:00
2225,2018-04-30 14:18:00,0.8858000000000001,2018-04-30 14:18:00
2226,2018-04-30 22:16:00,0.9429600000000002,2018-04-30 22:16:00
2227,2018-04-30 22:17:00,0.8810799999999999,2018-04-30 22:17:00
2228,2018-05-01 06:16:00,0.972,2018-05-01 06:16:00
2229,2018-05-01 06:17:00,0.8732,2018-05-01 06:17:00
2230,2018-05-01 14:15:00,0.9540000000000001,2018-05-01 14:15:00
2231,2018-05-01 14:16:00,0.9257727272727272,2018-05-01 14:16:00
2232,2018-05-01 14:17:00,0.8635199999999998,2018-05-01 14:17:00
2233,2018-05-01 22:15:00,0.9675,2018-05-01 22:15:00
2234,2018-05-01 22:16:00,0.957217391304348,2018-05-01 22:16:00
2235,2018-05-01 22:17:00,0.8840399999999999,2018-05-01 22:17:00
2236,2018-05-02 06:16:00,0.950875,2018-05-02 06:16:00
2237,2018-05-02 06:17:00,0.8882173913043477,2018-05-02 06:17:00
2238,2018-05-02 06:18:00,0.8871666666666667,2018-05-02 06:18:00
2239,2018-05-02 06:37:00,0.971,2018-05-02 06:37:00
2240,2018-05-02 06:38:00,0.8923333333333333,2018-05-02 06:38:00
2241,2018-05-02 06:39:00,0.891277777777778,2018-05-02 06:39:00
2242,2018-05-02 14:17:00,0.9251499999999998,2018-05-02 14:17:00
2243,2018-05-02 14:18:00,0.8474166666666667,2018-05-02 14:18:00
2244,2018-05-02 14:19:00,0.9544,2018-05-02 14:19:00
2245,2018-05-02 22:16:00,0.9624,2018-05-02 22:16:00
2246,2018-05-02 22:17:00,0.8998333333333334,2018-05-02 22:17:00
2247,2018-05-02 22:18:00,0.8972,2018-05-02 22:18:00
2248,2018-05-03 06:16:00,0.92128,2018-05-03 06:16:00
2249,2018-05-03 06:17:00,0.8808636363636363,2018-05-03 06:17:00
2250,2018-05-03 06:43:00,0.9346,2018-05-03 06:43:00
2251,2018-05-03 06:44:00,0.8752272727272729,2018-05-03 06:44:00
2252,2018-05-03 06:45:00,0.958,2018-05-03 06:45:00
2253,2018-05-03 07:01:00,0.92224,2018-05-03 07:01:00
2254,2018-05-03 07:02:00,0.8703043478260869,2018-05-03 07:02:00
2255,2018-05-03 14:16:00,0.9220399999999996,2018-05-03 14:16:00
2256,2018-05-03 14:17:00,0.8674000000000001,2018-05-03 14:17:00
2257,2018-05-03 22:16:00,0.9227083333333334,2018-05-03 22:16:00
2258,2018-05-03 22:17:00,0.8832083333333333,2018-05-03 22:17:00
2259,2018-05-04 06:16:00,0.9561666666666668,2018-05-04 06:16:00
2260,2018-05-04 06:17:00,0.8801739130434784,2018-05-04 06:17:00
2261,2018-05-04 06:18:00,0.9055714285714286,2018-05-04 06:18:00
2262,2018-05-04 07:07:00,0.9177916666666668,2018-05-04 07:07:00
2263,2018-05-04 07:08:00,0.8797499999999999,2018-05-04 07:08:00
2264,2018-05-04 14:16:00,0.9233478260869566,2018-05-04 14:16:00
2265,2018-05-04 14:17:00,0.8788000000000001,2018-05-04 14:17:00
2266,2018-05-04 22:16:00,0.9452,2018-05-04 22:16:00
2267,2018-05-04 22:17:00,0.9123199999999998,2018-05-04 22:17:00
2268,2018-05-04 22:18:00,0.8984500000000001,2018-05-04 22:18:00
2269,2018-05-05 06:16:00,0.9272916666666666,2018-05-05 06:16:00
2270,2018-05-05 06:17:00,0.8702608695652174,2018-05-05 06:17:00
2271,2018-05-05 14:16:00,0.9196666666666664,2018-05-05 14:16:00
2272,2018-05-05 14:17:00,0.8758695652173915,2018-05-05 14:17:00
2273,2018-05-05 22:16:00,0.9274799999999996,2018-05-05 22:16:00
2274,2018-05-05 22:17:00,0.8787916666666664,2018-05-05 22:17:00
2275,2018-05-06 06:16:00,0.93336,2018-05-06 06:16:00
2276,2018-05-06 06:17:00,0.88475,2018-05-06 06:17:00
2277,2018-05-06 14:16:00,0.9326666666666666,2018-05-06 14:16:00
2278,2018-05-06 14:17:00,0.8730833333333331,2018-05-06 14:17:00
2279,2018-05-06 22:16:00,0.9253333333333332,2018-05-06 22:16:00
2280,2018-05-06 22:17:00,0.87756,2018-05-06 22:17:00
2281,2018-05-06 23:05:00,0.9533,2018-05-06 23:05:00
2282,2018-05-06 23:06:00,0.8642608695652171,2018-05-06 23:06:00
2283,2018-05-06 23:07:00,0.934,2018-05-06 23:07:00
2284,2018-05-07 06:18:00,0.932375,2018-05-07 06:18:00
2285,2018-05-07 06:19:00,0.8843333333333333,2018-05-07 06:19:00
2286,2018-05-07 06:51:00,0.9210799999999999,2018-05-07 06:51:00
2287,2018-05-07 06:52:00,0.87656,2018-05-07 06:52:00
2288,2018-05-07 14:23:00,0.9745,2018-05-07 14:23:00
2289,2018-05-07 14:24:00,0.8888333333333333,2018-05-07 14:24:00
2290,2018-05-07 14:25:00,0.9115,2018-05-07 14:25:00
2291,2018-05-07 14:33:00,0.9311304347826088,2018-05-07 14:33:00
2292,2018-05-07 14:34:00,0.8861199999999998,2018-05-07 14:34:00
2293,2018-05-07 15:06:00,0.9815,2018-05-07 15:06:00
2294,2018-05-07 15:07:00,0.9264399999999998,2018-05-07 15:07:00
2295,2018-05-07 15:08:00,0.8865652173913046,2018-05-07 15:08:00
2296,2018-05-07 22:16:00,0.9171666666666668,2018-05-07 22:16:00
2297,2018-05-07 22:17:00,0.8749600000000001,2018-05-07 22:17:00
2298,2018-05-08 06:16:00,0.9669,2018-05-08 06:16:00
2299,2018-05-08 06:17:00,0.8698750000000001,2018-05-08 06:17:00
2300,2018-05-08 06:18:00,0.90775,2018-05-08 06:18:00
2301,2018-05-08 14:18:00,0.9394705882352942,2018-05-08 14:18:00
2302,2018-05-08 14:19:00,0.8592083333333335,2018-05-08 14:19:00
2303,2018-05-08 14:20:00,0.92475,2018-05-08 14:20:00
2304,2018-05-08 15:06:00,0.9315416666666664,2018-05-08 15:06:00
2305,2018-05-08 15:07:00,0.8911739130434781,2018-05-08 15:07:00
2306,2018-05-08 22:16:00,0.93412,2018-05-08 22:16:00
2307,2018-05-08 22:17:00,0.8781666666666667,2018-05-08 22:17:00
2308,2018-05-08 22:18:00,0.931,2018-05-08 22:18:00
2309,2018-05-09 06:17:00,0.9287083333333332,2018-05-09 06:17:00
2310,2018-05-09 06:18:00,0.8775000000000001,2018-05-09 06:18:00
2311,2018-05-09 06:19:00,0.966,2018-05-09 06:19:00
2312,2018-05-09 14:16:00,0.96,2018-05-09 14:16:00
2313,2018-05-09 14:17:00,0.9066799999999999,2018-05-09 14:17:00
2314,2018-05-09 14:18:00,0.88795,2018-05-09 14:18:00
2315,2018-05-09 22:16:00,0.93128,2018-05-09 22:16:00
2316,2018-05-09 22:17:00,0.8604347826086958,2018-05-09 22:17:00
2317,2018-05-09 22:18:00,0.9245,2018-05-09 22:18:00
2318,2018-05-10 06:16:00,0.9136799999999999,2018-05-10 06:16:00
2319,2018-05-10 06:17:00,0.8754800000000001,2018-05-10 06:17:00
2320,2018-05-10 14:16:00,0.9320799999999999,2018-05-10 14:16:00
2321,2018-05-10 14:17:00,0.8676086956521738,2018-05-10 14:17:00
2322,2018-05-10 22:16:00,0.91948,2018-05-10 22:16:00
2323,2018-05-10 22:17:00,0.8748750000000002,2018-05-10 22:17:00
2324,2018-05-11 06:16:00,0.9253043478260866,2018-05-11 06:16:00
2325,2018-05-11 06:17:00,0.8753181818181819,2018-05-11 06:17:00
2326,2018-05-11 06:18:00,0.9333333333333332,2018-05-11 06:18:00
2327,2018-05-11 14:19:00,0.92044,2018-05-11 14:19:00
2328,2018-05-11 14:20:00,0.8824166666666665,2018-05-11 14:20:00
2329,2018-05-11 14:21:00,0.981,2018-05-11 14:21:00
2330,2018-05-11 22:16:00,0.9474347826086956,2018-05-11 22:16:00
2331,2018-05-11 22:17:00,0.8699999999999998,2018-05-11 22:17:00
2332,2018-05-11 22:18:00,0.9246666666666666,2018-05-11 22:18:00
2333,2018-05-12 06:16:00,0.9232272727272728,2018-05-12 06:16:00
2334,2018-05-12 06:17:00,0.8589090909090907,2018-05-12 06:17:00
2335,2018-05-12 06:18:00,0.95175,2018-05-12 06:18:00
2336,2018-05-12 06:32:00,0.942,2018-05-12 06:32:00
2337,2018-05-12 06:33:00,0.8851666666666665,2018-05-12 06:33:00
2338,2018-05-12 14:17:00,0.958,2018-05-12 14:17:00
2339,2018-05-12 14:18:00,0.89892,2018-05-12 14:18:00
2340,2018-05-12 14:19:00,0.8672999999999998,2018-05-12 14:19:00
2341,2018-05-12 22:16:00,0.9143599999999998,2018-05-12 22:16:00
2342,2018-05-12 22:17:00,0.8857083333333334,2018-05-12 22:17:00
2343,2018-05-13 06:16:00,0.92784,2018-05-13 06:16:00
2344,2018-05-13 06:17:00,0.867541666666667,2018-05-13 06:17:00
2345,2018-05-13 14:16:00,0.9087272727272726,2018-05-13 14:16:00
2346,2018-05-13 14:17:00,0.8471818181818183,2018-05-13 14:17:00
2347,2018-05-13 14:18:00,0.9538,2018-05-13 14:18:00
2348,2018-05-13 22:16:00,0.9185200000000002,2018-05-13 22:16:00
2349,2018-05-13 22:17:00,0.86592,2018-05-13 22:17:00
2350,2018-05-14 06:16:00,0.9294,2018-05-14 06:16:00
2351,2018-05-14 06:17:00,0.8443749999999999,2018-05-14 06:17:00
2352,2018-05-14 06:18:00,0.9759999999999998,2018-05-14 06:18:00
2353,2018-05-14 07:15:00,0.93025,2018-05-14 07:15:00
2354,2018-05-14 07:16:00,0.8957999999999999,2018-05-14 07:16:00
2355,2018-05-14 14:17:00,0.9431739130434782,2018-05-14 14:17:00
2356,2018-05-14 14:18:00,0.8754000000000001,2018-05-14 14:18:00
2357,2018-05-14 22:16:00,0.9440000000000001,2018-05-14 22:16:00
2358,2018-05-14 22:17:00,0.8629583333333333,2018-05-14 22:17:00
2359,2018-05-14 22:18:00,0.9325,2018-05-14 22:18:00
2360,2018-05-15 06:19:00,0.9267499999999996,2018-05-15 06:19:00
2361,2018-05-15 06:20:00,0.8818695652173912,2018-05-15 06:20:00
2362,2018-05-15 06:21:00,0.9413333333333332,2018-05-15 06:21:00
2363,2018-05-15 14:18:00,0.94525,2018-05-15 14:18:00
2364,2018-05-15 14:19:00,0.9184166666666668,2018-05-15 14:19:00
2365,2018-05-15 14:20:00,0.8911904761904762,2018-05-15 14:20:00
2366,2018-05-15 22:16:00,0.9454736842105262,2018-05-15 22:16:00
2367,2018-05-15 22:17:00,0.8769600000000001,2018-05-15 22:17:00
2368,2018-05-15 22:18:00,0.925,2018-05-15 22:18:00
2369,2018-05-16 06:57:00,0.91956,2018-05-16 06:57:00
2370,2018-05-16 06:58:00,0.8719199999999999,2018-05-16 06:58:00
2371,2018-05-16 14:16:00,0.9439999999999998,2018-05-16 14:16:00
2372,2018-05-16 14:17:00,0.8568260869565217,2018-05-16 14:17:00
2373,2018-05-16 14:18:00,0.9395714285714286,2018-05-16 14:18:00
2374,2018-05-16 22:16:00,0.9360000000000002,2018-05-16 22:16:00
2375,2018-05-16 22:17:00,0.8673199999999999,2018-05-16 22:17:00
2376,2018-05-16 22:18:00,0.9282857142857142,2018-05-16 22:18:00
2377,2018-05-17 06:16:00,0.946277777777778,2018-05-17 06:16:00
2378,2018-05-17 06:17:00,0.8575000000000003,2018-05-17 06:17:00
2379,2018-05-17 06:18:00,0.913285714285714,2018-05-17 06:18:00
2380,2018-05-17 06:48:00,0.9195416666666664,2018-05-17 06:48:00
2381,2018-05-17 06:49:00,0.8733200000000001,2018-05-17 06:49:00
2382,2018-05-17 14:17:00,0.9230833333333334,2018-05-17 14:17:00
2383,2018-05-17 14:18:00,0.8731599999999999,2018-05-17 14:18:00
2384,2018-05-17 22:16:00,0.9497333333333332,2018-05-17 22:16:00
2385,2018-05-17 22:17:00,0.8625833333333333,2018-05-17 22:17:00
2386,2018-05-17 22:18:00,0.9452857142857144,2018-05-17 22:18:00
2387,2018-05-18 06:16:00,0.9423333333333334,2018-05-18 06:16:00
2388,2018-05-18 06:17:00,0.8495833333333337,2018-05-18 06:17:00
2389,2018-05-18 06:18:00,0.9397142857142856,2018-05-18 06:18:00
2390,2018-05-18 06:33:00,0.9468947368421052,2018-05-18 06:33:00
2391,2018-05-18 06:34:00,0.8741304347826084,2018-05-18 06:34:00
2392,2018-05-18 06:35:00,0.9763333333333332,2018-05-18 06:35:00
2393,2018-05-18 14:17:00,0.9348636363636366,2018-05-18 14:17:00
2394,2018-05-18 14:18:00,0.8790416666666667,2018-05-18 14:18:00
2395,2018-05-18 14:19:00,0.9890000000000001,2018-05-18 14:19:00
2396,2018-05-19 14:17:00,0.93168,2018-05-19 14:17:00
2397,2018-05-19 14:18:00,0.8658800000000002,2018-05-19 14:18:00
2398,2018-05-19 22:16:00,0.9232,2018-05-19 22:16:00
2399,2018-05-19 22:17:00,0.88444,2018-05-19 22:17:00
2400,2018-05-20 06:16:00,0.9277599999999998,2018-05-20 06:16:00
2401,2018-05-20 06:17:00,0.8627083333333333,2018-05-20 06:17:00
2402,2018-05-20 14:16:00,0.9276,2018-05-20 14:16:00
2403,2018-05-20 14:17:00,0.86924,2018-05-20 14:17:00
2404,2018-05-20 22:16:00,0.9278399999999998,2018-05-20 22:16:00
2405,2018-05-20 22:17:00,0.8812000000000001,2018-05-20 22:17:00
2406,2018-05-21 06:16:00,0.93104,2018-05-21 06:16:00
2407,2018-05-21 06:17:00,0.8679999999999999,2018-05-21 06:17:00
2408,2018-05-21 14:16:00,0.93844,2018-05-21 14:16:00
2409,2018-05-21 14:17:00,0.8749583333333334,2018-05-21 14:17:00
2410,2018-05-21 22:16:00,0.9460000000000002,2018-05-21 22:16:00
2411,2018-05-21 22:17:00,0.8673913043478261,2018-05-21 22:17:00
2412,2018-05-21 22:18:00,0.9084166666666668,2018-05-21 22:18:00
2413,2018-05-22 06:16:00,0.9425,2018-05-22 06:16:00
2414,2018-05-22 06:17:00,0.8512173913043478,2018-05-22 06:17:00
2415,2018-05-22 06:18:00,0.91225,2018-05-22 06:18:00
2416,2018-05-22 14:16:00,0.9675384615384616,2018-05-22 14:16:00
2417,2018-05-22 14:17:00,0.8604583333333334,2018-05-22 14:17:00
2418,2018-05-22 14:18:00,0.9113333333333332,2018-05-22 14:18:00
2419,2018-05-22 14:33:00,0.93124,2018-05-22 14:33:00
2420,2018-05-22 14:34:00,0.8741666666666666,2018-05-22 14:34:00
2421,2018-05-22 22:19:00,0.9182800000000002,2018-05-22 22:19:00
2422,2018-05-22 22:20:00,0.87508,2018-05-22 22:20:00
2423,2018-05-23 06:16:00,0.947846153846154,2018-05-23 06:16:00
2424,2018-05-23 06:17:00,0.8607826086956522,2018-05-23 06:17:00
2425,2018-05-23 06:18:00,0.9118461538461538,2018-05-23 06:18:00
2426,2018-05-23 14:19:00,0.8568000000000001,2018-05-23 14:19:00
2427,2018-05-23 14:20:00,1.12056,2018-05-23 14:20:00
2428,2018-05-23 22:30:00,1.2228,2018-05-23 22:30:00
2429,2018-05-23 22:31:00,1.173217391304348,2018-05-23 22:31:00
2430,2018-05-23 22:32:00,1.2081666666666668,2018-05-23 22:32:00
2431,2018-05-24 06:16:00,1.2025833333333331,2018-05-24 06:16:00
2432,2018-05-24 06:17:00,1.180791666666667,2018-05-24 06:17:00
2433,2018-05-24 06:18:00,1.1717142857142857,2018-05-24 06:18:00
2434,2018-05-24 06:46:00,1.223833333333333,2018-05-24 06:46:00
2435,2018-05-24 06:47:00,1.16504,2018-05-24 06:47:00
2436,2018-05-24 06:56:00,1.1949599999999996,2018-05-24 06:56:00
2437,2018-05-24 06:57:00,1.1734399999999996,2018-05-24 06:57:00
2438,2018-05-24 14:17:00,1.2100833333333332,2018-05-24 14:17:00
2439,2018-05-24 14:18:00,1.153791666666667,2018-05-24 14:18:00
2440,2018-05-24 14:19:00,1.169,2018-05-24 14:19:00
2441,2018-05-24 22:16:00,1.2145454545454546,2018-05-24 22:16:00
2442,2018-05-24 22:17:00,1.1682083333333335,2018-05-24 22:17:00
2443,2018-05-24 22:18:00,1.1681333333333337,2018-05-24 22:18:00
2444,2018-05-24 23:05:00,1.19375,2018-05-24 23:05:00
2445,2018-05-24 23:06:00,1.1585600000000005,2018-05-24 23:06:00
2446,2018-05-24 23:07:00,1.172529411764706,2018-05-24 23:07:00
2447,2018-05-25 06:16:00,1.2433636363636362,2018-05-25 06:16:00
2448,2018-05-25 06:17:00,1.1831666666666667,2018-05-25 06:17:00
2449,2018-05-25 06:18:00,1.1505,2018-05-25 06:18:00
2450,2018-06-15 22:18:00,1.1961428571428574,2018-06-15 22:18:00
2451,2018-06-15 22:19:00,1.1557272727272727,2018-06-15 22:19:00
2452,2018-06-15 22:20:00,1.171944444444445,2018-06-15 22:20:00
2453,2018-06-15 22:32:00,1.2104615384615385,2018-06-15 22:32:00
2454,2018-06-15 22:33:00,1.1734347826086955,2018-06-15 22:33:00
2455,2018-06-15 22:34:00,1.1945384615384615,2018-06-15 22:34:00
2456,2018-06-16 06:17:00,1.2268,2018-06-16 06:17:00
2457,2018-06-16 06:18:00,1.2134583333333333,2018-06-16 06:18:00
2458,2018-06-16 14:17:00,1.29316,2018-06-16 14:17:00
2459,2018-06-16 14:18:00,1.2160400000000002,2018-06-16 14:18:00
2460,2018-06-16 22:17:00,1.30136,2018-06-16 22:17:00
2461,2018-06-16 22:18:00,1.19352,2018-06-16 22:18:00
2462,2018-06-17 06:17:00,1.31624,2018-06-17 06:17:00
2463,2018-06-17 06:18:00,1.2551599999999998,2018-06-17 06:18:00
2464,2018-06-17 14:17:00,1.32548,2018-06-17 14:17:00
2465,2018-06-17 14:18:00,1.2526956521739132,2018-06-17 14:18:00
2466,2018-06-17 22:17:00,1.3606399999999998,2018-06-17 22:17:00
2467,2018-06-17 22:18:00,1.2942800000000003,2018-06-17 22:18:00
2468,2018-06-18 06:17:00,1.3586800000000003,2018-06-18 06:17:00
2469,2018-06-18 06:18:00,1.30672,2018-06-18 06:18:00
2470,2018-06-18 07:04:00,1.3780416666666666,2018-06-18 07:04:00
2471,2018-06-18 07:05:00,1.2896,2018-06-18 07:05:00
2472,2018-06-18 14:17:00,1.3364285714285715,2018-06-18 14:17:00
2473,2018-06-18 14:18:00,1.2226666666666663,2018-06-18 14:18:00
2474,2018-06-18 14:19:00,1.1769411764705884,2018-06-18 14:19:00
2475,2018-06-18 15:48:00,1.28364,2018-06-18 15:48:00
2476,2018-06-18 15:49:00,1.28896,2018-06-18 15:49:00
2477,2018-06-18 15:52:00,1.3227368421052632,2018-06-18 15:52:00
2478,2018-06-18 15:53:00,1.2815833333333335,2018-06-18 15:53:00
2479,2018-06-18 15:54:00,1.2458333333333331,2018-06-18 15:54:00
2480,2018-06-18 22:19:00,1.3338571428571429,2018-06-18 22:19:00
2481,2018-06-18 22:20:00,1.2740869565217392,2018-06-18 22:20:00
2482,2018-06-18 22:21:00,1.2942,2018-06-18 22:21:00
2483,2018-06-18 22:50:00,1.4325,2018-06-18 22:50:00
2484,2018-06-18 22:51:00,1.3305652173913043,2018-06-18 22:51:00
2485,2018-06-18 22:52:00,1.2989000000000002,2018-06-18 22:52:00
2486,2018-06-19 06:24:00,1.3341666666666667,2018-06-19 06:24:00
2487,2018-06-19 06:25:00,1.287875,2018-06-19 06:25:00
2488,2018-06-19 06:26:00,1.2758,2018-06-19 06:26:00
2489,2018-06-19 06:50:00,1.3605,2018-06-19 06:50:00
2490,2018-06-19 06:51:00,1.290125,2018-06-19 06:51:00
2491,2018-06-19 06:52:00,1.2560769230769229,2018-06-19 06:52:00
2492,2018-06-19 07:14:00,1.3423200000000002,2018-06-19 07:14:00
2493,2018-06-19 07:15:00,1.289208333333333,2018-06-19 07:15:00
2494,2018-06-19 14:17:00,1.3134285714285716,2018-06-19 14:17:00
2495,2018-06-19 14:18:00,1.31604,2018-06-19 14:18:00
2496,2018-06-19 14:19:00,1.3455,2018-06-19 14:19:00
2497,2018-06-19 14:45:00,1.3822222222222222,2018-06-19 14:45:00
2498,2018-06-19 14:46:00,1.3271739130434783,2018-06-19 14:46:00
2499,2018-06-19 14:47:00,1.3353750000000002,2018-06-19 14:47:00
2500,2018-06-19 15:08:00,1.33975,2018-06-19 15:08:00
2501,2018-06-19 15:09:00,1.3395416666666666,2018-06-19 15:09:00
2502,2018-06-19 15:10:00,1.3307142857142855,2018-06-19 15:10:00
2503,2018-06-19 22:19:00,1.43025,2018-06-19 22:19:00
2504,2018-06-19 22:20:00,1.3157500000000002,2018-06-19 22:20:00
2505,2018-06-19 22:21:00,1.2907222222222219,2018-06-19 22:21:00
2506,2018-06-20 06:17:00,1.3820400000000002,2018-06-20 06:17:00
2507,2018-06-20 06:18:00,1.3060399999999999,2018-06-20 06:18:00
2508,2018-06-20 06:35:00,1.3163333333333334,2018-06-20 06:35:00
2509,2018-06-20 06:36:00,1.3065833333333334,2018-06-20 06:36:00
2510,2018-06-20 06:37:00,1.2608888888888892,2018-06-20 06:37:00
2511,2018-06-20 14:17:00,1.3358,2018-06-20 14:17:00
2512,2018-06-20 14:18:00,1.3365652173913039,2018-06-20 14:18:00
2513,2018-06-20 14:19:00,1.4298125,2018-06-20 14:19:00
2514,2018-06-20 22:17:00,1.42525,2018-06-20 22:17:00
2515,2018-06-20 22:18:00,1.4476000000000002,2018-06-20 22:18:00
2516,2018-06-21 06:17:00,1.4612400000000003,2018-06-21 06:17:00
2517,2018-06-21 06:18:00,1.4554,2018-06-21 06:18:00
2518,2018-06-21 06:57:00,1.4470434782608694,2018-06-21 06:57:00
2519,2018-06-21 06:58:00,1.4715909090909092,2018-06-21 06:58:00
2520,2018-06-21 06:59:00,1.4469999999999998,2018-06-21 06:59:00
2521,2018-06-21 07:14:00,1.46212,2018-06-21 07:14:00
2522,2018-06-21 07:15:00,1.4656399999999998,2018-06-21 07:15:00
2523,2018-06-21 14:17:00,1.4333200000000001,2018-06-21 14:17:00
2524,2018-06-21 14:18:00,1.4163600000000005,2018-06-21 14:18:00
2525,2018-06-21 22:17:00,1.4412083333333336,2018-06-21 22:17:00
2526,2018-06-21 22:18:00,1.3926666666666667,2018-06-21 22:18:00
2527,2018-06-22 06:18:00,1.4734444444444446,2018-06-22 06:18:00
2528,2018-06-22 06:19:00,1.3858260869565218,2018-06-22 06:19:00
2529,2018-06-22 06:20:00,1.3843333333333332,2018-06-22 06:20:00
2530,2018-06-22 06:48:00,1.46308,2018-06-22 06:48:00
2531,2018-06-22 06:49:00,1.38,2018-06-22 06:49:00
2532,2018-06-22 14:18:00,1.3617083333333333,2018-06-22 14:18:00
2533,2018-06-22 14:19:00,1.3316666666666668,2018-06-22 14:19:00
2534,2018-06-22 14:28:00,1.361,2018-06-22 14:28:00
2535,2018-06-22 14:29:00,1.3117083333333337,2018-06-22 14:29:00
2536,2018-06-22 14:30:00,1.3388421052631578,2018-06-22 14:30:00
2537,2018-06-22 14:46:00,1.3410909090909091,2018-06-22 14:46:00
2538,2018-06-22 14:47:00,1.3342916666666664,2018-06-22 14:47:00
2539,2018-06-22 14:48:00,1.4194999999999998,2018-06-22 14:48:00
2540,2018-06-22 22:17:00,1.3815000000000002,2018-06-22 22:17:00
2541,2018-06-22 22:18:00,1.330583333333333,2018-06-22 22:18:00
2542,2018-06-22 22:19:00,1.3270833333333332,2018-06-22 22:19:00
2543,2018-06-22 22:29:00,1.32225,2018-06-22 22:29:00
2544,2018-06-22 22:30:00,1.331478260869565,2018-06-22 22:30:00
2545,2018-06-22 22:31:00,1.3298181818181822,2018-06-22 22:31:00
2546,2018-06-23 06:17:00,1.34204,2018-06-23 06:17:00
2547,2018-06-23 06:18:00,1.3184166666666666,2018-06-23 06:18:00
2548,2018-06-23 14:17:00,1.3418,2018-06-23 14:17:00
2549,2018-06-23 14:18:00,1.3397599999999996,2018-06-23 14:18:00
2550,2018-06-24 22:17:00,0.97068,2018-06-24 22:17:00
2551,2018-06-24 22:18:00,1.3137999999999996,2018-06-24 22:18:00
2552,2018-06-25 06:18:00,1.3570799999999998,2018-06-25 06:18:00
2553,2018-06-25 06:19:00,1.3412399999999998,2018-06-25 06:19:00
2554,2018-06-25 14:18:00,1.319875,2018-06-25 14:18:00
2555,2018-06-25 14:19:00,1.28808,2018-06-25 14:19:00
2556,2018-06-25 22:17:00,1.3012608695652172,2018-06-25 22:17:00
2557,2018-06-25 22:18:00,1.3178333333333332,2018-06-25 22:18:00
2558,2018-06-25 22:19:00,1.3730000000000002,2018-06-25 22:19:00
2559,2018-06-26 06:17:00,1.295739130434783,2018-06-26 06:17:00
2560,2018-06-26 06:18:00,1.2936956521739134,2018-06-26 06:18:00
2561,2018-06-26 06:19:00,1.334,2018-06-26 06:19:00
2562,2018-06-26 06:56:00,1.31936,2018-06-26 06:56:00
2563,2018-06-26 06:57:00,1.3129600000000001,2018-06-26 06:57:00
2564,2018-07-10 14:19:00,1.2857916666666669,2018-07-10 14:19:00
2565,2018-07-10 14:20:00,1.32148,2018-07-10 14:20:00
2566,2018-07-10 14:21:00,1.288,2018-07-10 14:21:00
2567,2018-07-11 07:10:00,1.3404210526315792,2018-07-11 07:10:00
2568,2018-07-11 07:11:00,1.2753809523809525,2018-07-11 07:11:00
2569,2018-07-11 07:12:00,1.2780000000000002,2018-07-11 07:12:00
2570,2018-07-11 22:20:00,0.9767916666666666,2018-07-11 22:20:00
2571,2018-07-11 22:21:00,1.4101200000000005,2018-07-11 22:21:00
2572,2018-07-12 06:18:00,1.35944,2018-07-12 06:18:00
2573,2018-07-12 06:19:00,1.319875,2018-07-12 06:19:00
2574,2018-07-12 14:19:00,1.3636,2018-07-12 14:19:00
2575,2018-07-12 14:20:00,1.2939600000000002,2018-07-12 14:20:00
2576,2018-07-12 22:17:00,1.332833333333333,2018-07-12 22:17:00
2577,2018-07-12 22:18:00,1.3027999999999995,2018-07-12 22:18:00
2578,2018-07-12 22:19:00,1.2997368421052629,2018-07-12 22:19:00
2579,2018-07-13 06:19:00,1.29672,2018-07-13 06:19:00
2580,2018-07-13 06:20:00,1.27712,2018-07-13 06:20:00
2581,2018-07-13 14:19:00,1.3277199999999996,2018-07-13 14:19:00
2582,2018-07-13 14:20:00,1.33768,2018-07-13 14:20:00
2583,2018-07-13 22:17:00,1.3654,2018-07-13 22:17:00
2584,2018-07-13 22:18:00,1.3527500000000003,2018-07-13 22:18:00
2585,2018-07-13 22:19:00,1.3149523809523809,2018-07-13 22:19:00
2586,2018-07-14 06:17:00,1.3721176470588237,2018-07-14 06:17:00
2587,2018-07-14 06:18:00,1.327,2018-07-14 06:18:00
2588,2018-07-14 06:19:00,1.3171111111111111,2018-07-14 06:19:00
2589,2018-07-14 14:17:00,1.384875,2018-07-14 14:17:00
2590,2018-07-14 14:18:00,1.308608695652174,2018-07-14 14:18:00
2591,2018-07-14 14:19:00,1.3011,2018-07-14 14:19:00
2592,2018-07-14 22:17:00,1.3894000000000004,2018-07-14 22:17:00
2593,2018-07-14 22:18:00,1.3249565217391304,2018-07-14 22:18:00
2594,2018-07-14 22:19:00,1.3149999999999995,2018-07-14 22:19:00
2595,2018-07-15 06:17:00,1.3875624999999998,2018-07-15 06:17:00
2596,2018-07-15 06:18:00,1.3092173913043479,2018-07-15 06:18:00
2597,2018-07-15 06:19:00,1.2830909090909093,2018-07-15 06:19:00
2598,2018-07-15 14:17:00,1.386125,2018-07-15 14:17:00
2599,2018-07-15 14:18:00,1.2947826086956522,2018-07-15 14:18:00
2600,2018-07-15 14:19:00,1.3018181818181822,2018-07-15 14:19:00
2601,2018-07-15 22:17:00,1.4176,2018-07-15 22:17:00
2602,2018-07-15 22:18:00,1.329238095238095,2018-07-15 22:18:00
2603,2018-07-15 22:19:00,1.2931666666666668,2018-07-15 22:19:00
2604,2018-07-16 06:17:00,1.3063333333333331,2018-07-16 06:17:00
2605,2018-07-16 06:18:00,1.338695652173913,2018-07-16 06:18:00
2606,2018-07-16 06:19:00,1.278666666666667,2018-07-16 06:19:00
2607,2018-07-16 14:18:00,1.3436666666666668,2018-07-16 14:18:00
2608,2018-07-16 14:19:00,1.2921249999999995,2018-07-16 14:19:00
2609,2018-07-16 14:20:00,1.2784999999999995,2018-07-16 14:20:00
2610,2018-07-16 22:17:00,1.265,2018-07-16 22:17:00
2611,2018-07-16 22:18:00,1.3494166666666667,2018-07-16 22:18:00
2612,2018-07-16 22:19:00,1.3369166666666663,2018-07-16 22:19:00
2613,2018-07-17 06:17:00,1.3801428571428571,2018-07-17 06:17:00
2614,2018-07-17 06:18:00,1.3651363636363636,2018-07-17 06:18:00
2615,2018-07-17 06:19:00,1.3253846153846154,2018-07-17 06:19:00
2616,2018-07-17 14:20:00,1.37348,2018-07-17 14:20:00
2617,2018-07-17 14:21:00,1.28196,2018-07-17 14:21:00
2618,2018-07-17 22:17:00,1.319,2018-07-17 22:17:00
2619,2018-07-17 22:18:00,1.3165416666666665,2018-07-17 22:18:00
2620,2018-07-17 22:19:00,1.2606799999999996,2018-07-17 22:19:00
2621,2018-07-18 06:17:00,1.296,2018-07-18 06:17:00
2622,2018-07-18 06:18:00,1.3070454545454544,2018-07-18 06:18:00
2623,2018-07-18 06:19:00,1.295125,2018-07-18 06:19:00
2624,2018-07-18 14:18:00,1.33336,2018-07-18 14:18:00
2625,2018-07-18 14:19:00,1.337875,2018-07-18 14:19:00
2626,2018-07-18 22:18:00,1.3460869565217388,2018-07-18 22:18:00
2627,2018-07-18 22:19:00,1.3410400000000002,2018-07-18 22:19:00
2628,2018-07-19 06:18:00,1.35368,2018-07-19 06:18:00
2629,2018-07-19 06:19:00,1.32784,2018-07-19 06:19:00
2630,2018-07-19 14:18:00,1.36116,2018-07-19 14:18:00
2631,2018-07-19 14:19:00,1.2767083333333336,2018-07-19 14:19:00
2632,2018-07-19 22:18:00,1.3260833333333335,2018-07-19 22:18:00
2633,2018-07-19 22:19:00,1.27124,2018-07-19 22:19:00
2634,2018-07-20 06:18:00,1.30512,2018-07-20 06:18:00
2635,2018-07-20 06:19:00,1.28368,2018-07-20 06:19:00
2636,2018-07-20 14:18:00,1.3199999999999998,2018-07-20 14:18:00
2637,2018-07-20 14:19:00,1.3201363636363637,2018-07-20 14:19:00
2638,2018-07-20 14:20:00,1.3423333333333334,2018-07-20 14:20:00
2639,2018-07-20 22:18:00,1.36792,2018-07-20 22:18:00
2640,2018-07-20 22:19:00,1.2845,2018-07-20 22:19:00
2641,2018-07-21 06:18:00,1.3629999999999998,2018-07-21 06:18:00
2642,2018-07-21 06:19:00,1.2953749999999995,2018-07-21 06:19:00
2643,2018-07-21 14:17:00,1.3885555555555555,2018-07-21 14:17:00
2644,2018-07-21 14:18:00,1.335826086956522,2018-07-21 14:18:00
2645,2018-07-21 14:19:00,1.29875,2018-07-21 14:19:00
2646,2018-07-21 22:17:00,1.4457777777777778,2018-07-21 22:17:00
2647,2018-07-21 22:18:00,1.3343913043478266,2018-07-21 22:18:00
2648,2018-07-21 22:19:00,1.3148125,2018-07-21 22:19:00
2649,2018-07-22 06:17:00,1.4240000000000002,2018-07-22 06:17:00
2650,2018-07-22 06:18:00,1.3268695652173912,2018-07-22 06:18:00
2651,2018-07-22 06:19:00,1.271888888888889,2018-07-22 06:19:00
2652,2018-07-22 14:17:00,1.468375,2018-07-22 14:17:00
2653,2018-07-22 14:18:00,1.3528000000000002,2018-07-22 14:18:00
2654,2018-07-22 14:19:00,1.310625,2018-07-22 14:19:00
2655,2018-07-22 22:17:00,1.429375,2018-07-22 22:17:00
2656,2018-07-22 22:18:00,1.3477391304347828,2018-07-22 22:18:00
2657,2018-07-22 22:19:00,1.313666666666667,2018-07-22 22:19:00
2658,2018-07-23 06:17:00,1.39825,2018-07-23 06:17:00
2659,2018-07-23 06:18:00,1.3292727272727274,2018-07-23 06:18:00
2660,2018-07-23 06:19:00,1.290684210526316,2018-07-23 06:19:00
2661,2018-07-23 07:04:00,1.3746363636363634,2018-07-23 07:04:00
2662,2018-07-23 07:05:00,1.2802608695652171,2018-07-23 07:05:00
2663,2018-07-23 07:06:00,1.2854,2018-07-23 07:06:00
2664,2018-07-23 07:12:00,1.3716500000000005,2018-07-23 07:12:00
2665,2018-07-23 07:13:00,1.3058333333333334,2018-07-23 07:13:00
2666,2018-07-23 07:14:00,1.2656666666666667,2018-07-23 07:14:00
2667,2018-07-23 14:18:00,1.3155263157894737,2018-07-23 14:18:00
2668,2018-07-23 14:19:00,1.28725,2018-07-23 14:19:00
2669,2018-07-23 14:20:00,1.317,2018-07-23 14:20:00
2670,2018-07-23 22:18:00,1.3132400000000002,2018-07-23 22:18:00
2671,2018-07-23 22:19:00,1.3191739130434783,2018-07-23 22:19:00
